[{"model": "auth.user", "pk": 8, "fields": {"password": "pbkdf2_sha256$1000000$VYb6jOHWdAVMbeXAPoVHYl$3QqMN1Q0LICLVjJGCjh5i0w9+qT26PaVpIttEQmkxAc=", "last_login": "2026-03-11T15:22:28.715Z", "is_superuser": true, "username": "test", "first_name": "", "last_name": "", "email": "test123@gmail.com", "is_staff": true, "is_active": true, "date_joined": "2026-02-27T05:41:41.733Z", "groups": [], "user_permissions": []}}, {"model": "auth.user", "pk": 9, "fields": {"password": "pbkdf2_sha256$1000000$HJmcLr3Rk3PXDlD2p91W5A$lEAvxu+Uv+4StvIdybh2RZiM6x1SGh0fElVnEf9RUhQ=", "last_login": "2026-02-27T06:47:36.011Z", "is_superuser": false, "username": "suba", "first_name": "", "last_name": "", "email": "", "is_staff": false, "is_active": true, "date_joined": "2026-02-27T06:44:28.515Z", "groups": [], "user_permissions": []}}, {"model": "auth.user", "pk": 10, "fields": {"password": "pbkdf2_sha256$1000000$l1Iz4l2OK9EGVe29X7oxDC$cH+rU9J2KewYq8HyicRA5yvjGCg15AGcstORE5WWdMM=", "last_login": "2026-03-06T06:32:10.918Z", "is_superuser": false, "username": "Mahesh", "first_name": "", "last_name": "", "email": "abc@gmail.com", "is_staff": false, "is_active": true, "date_joined": "2026-03-02T05:34:36.291Z", "groups": [], "user_permissions": []}}, {"model": "auth.user", "pk": 11, "fields": {"password": "pbkdf2_sha256$1000000$2i61pcuyXkjvXE3k1zDr94$x26ZBDZDVtaOdlSk0T/w8owh706MZ1lo5qZrrBuTn9M=", "last_login": "2026-03-11T09:33:16.004Z", "is_superuser": false, "username": "only_user", "first_name": "", "last_name": "", "email": "123@gmail.com", "is_staff": false, "is_active": true, "date_joined": "2026-03-02T07:01:09.196Z", "groups": [], "user_permissions": []}}, {"model": "auth.user", "pk": 13, "fields": {"password": "pbkdf2_sha256$1000000$F0sP5k4CU4bWKUNoS9bJRe$bN4hnMrQG9SzKjTIVFgvIwCs7dVx4DJPCEmkg2jbwcs=", "last_login": null, "is_superuser": false, "username": "Jasmine", "first_name": "", "last_name": "", "email": "", "is_staff": false, "is_active": true, "date_joined": "2026-03-04T06:58:57Z", "groups": [], "user_permissions": []}}, {"model": "auth.user", "pk": 14, "fields": {"password": "pbkdf2_sha256$1000000$69SfJqMCk4cyA8NKUCheN7$/VXGUdX63UWUzLPjvMuJo5ZqMbnl7dQ/loXINK9lFoU=", "last_login": "2026-03-11T11:37:23.643Z", "is_superuser": false, "username": "Seller1", "first_name": "", "last_name": "", "email": "123@gmail.com", "is_staff": false, "is_active": true, "date_joined": "2026-03-04T08:44:03.155Z", "groups": [], "user_permissions": []}}, {"model": "auth.user", "pk": 15, "fields": {"password": "pbkdf2_sha256$1000000$ba5MrhVfqEr1uaLw5JD6hY$LyPzUbw/n/8NwRwZe9O8poih0C5Fffrjr8XEVysa+Lw=", "last_login": "2026-03-05T06:16:36.391Z", "is_superuser": false, "username": "Seller2", "first_name": "", "last_name": "", "email": "123@gmail.com", "is_staff": false, "is_active": true, "date_joined": "2026-03-04T08:47:14.779Z", "groups": [], "user_permissions": []}}, {"model": "auth.user", "pk": 16, "fields": {"password": "pbkdf2_sha256$1000000$2WT5I0e4h1NUsIk59Li6Vj$2sWUSjw8yUT8cD7eOC3RTVtfDXn5jLvlt5Zu3t0EC70=", "last_login": "2026-03-10T11:07:51.261Z", "is_superuser": false, "username": "Seller3", "first_name": "", "last_name": "", "email": "123@gmail.com", "is_staff": false, "is_active": true, "date_joined": "2026-03-04T08:58:47.102Z", "groups": [], "user_permissions": []}}, {"model": "auth.user", "pk": 17, "fields": {"password": "pbkdf2_sha256$1000000$s4Q5gmZvdKxNpplcvk7Uh2$2rYabduZrjE/ipPOz9Acmvojv9X3sloWWU7QGQfP4AM=", "last_login": "2026-03-11T05:40:35.911Z", "is_superuser": false, "username": "Seller4", "first_name": "", "last_name": "", "email": "", "is_staff": false, "is_active": true, "date_joined": "2026-03-04T09:03:52Z", "groups": [], "user_permissions": []}}, {"model": "auth.user", "pk": 18, "fields": {"password": "pbkdf2_sha256$1000000$myP3DS4zbFUNN4jqDC3Xv4$ON3sPNfK6HS/OLdT8au8JzhVMMkEzkOIHnuhXKHv8vs=", "last_login": "2026-03-11T05:06:42.136Z", "is_superuser": false, "username": "Seller5", "first_name": "", "last_name": "", "email": "", "is_staff": false, "is_active": true, "date_joined": "2026-03-04T09:04:28Z", "groups": [], "user_permissions": []}}, {"model": "auth.user", "pk": 19, "fields": {"password": "pbkdf2_sha256$1000000$eWXaLQJMwsLaSNEpjTPHlx$VqYBjbTTTe5xZXmtw81ZODXvsoj7M/A5AXznFHx/4Fo=", "last_login": "2026-03-06T11:01:03.833Z", "is_superuser": false, "username": "Seller6", "first_name": "", "last_name": "", "email": "123@gmail.com", "is_staff": false, "is_active": true, "date_joined": "2026-03-06T11:01:02.455Z", "groups": [], "user_permissions": []}}, {"model": "auth.user", "pk": 20, "fields": {"password": "pbkdf2_sha256$1000000$FnPSKaetec8vAxls1phNoc$cqRnL4CE7hkE/iNCVZPLlFaA3m/a/FWe2N8l8CI6UXc=", "last_login": "2026-03-09T05:37:27.985Z", "is_superuser": false, "username": "Seller7", "first_name": "", "last_name": "", "email": "eerr@gmail.com", "is_staff": false, "is_active": true, "date_joined": "2026-03-06T11:22:40.602Z", "groups": [], "user_permissions": []}}, {"model": "auth.user", "pk": 21, "fields": {"password": "pbkdf2_sha256$1000000$nGdz9MpQjzUwHUojJnHz81$Inhr4G7QYjkObqlSFTf33tSbZcUxXzHf+1C1ARE+N7c=", "last_login": "2026-03-06T12:37:54.521Z", "is_superuser": false, "username": "Seller8", "first_name": "", "last_name": "", "email": "rres@gmail.com", "is_staff": false, "is_active": true, "date_joined": "2026-03-06T12:37:53.806Z", "groups": [], "user_permissions": []}}, {"model": "auth.user", "pk": 22, "fields": {"password": "pbkdf2_sha256$1000000$yk7THmFbwKqKu1Z8O39ECo$j4JPvvQI6kCCReDXu8zFlH7+6kq/bMbRJXkVrxbZ0JQ=", "last_login": "2026-03-09T09:38:21Z", "is_superuser": false, "username": "Akshaya", "first_name": "", "last_name": "", "email": "akshaya@gmail.com", "is_staff": false, "is_active": true, "date_joined": "2026-03-09T09:38:20Z", "groups": [], "user_permissions": []}}, {"model": "products.category", "pk": 1, "fields": {"name": "Electronics", "slug": "electronics"}}, {"model": "products.category", "pk": 2, "fields": {"name": "Leather", "slug": "leather"}}, {"model": "products.category", "pk": 3, "fields": {"name": "Fashion", "slug": "fashion"}}, {"model": "products.category", "pk": 4, "fields": {"name": "Party Wear", "slug": "party-wear"}}, {"model": "products.category", "pk": 6, "fields": {"name": "Footwear", "slug": "footwear"}}, {"model": "products.category", "pk": 8, "fields": {"name": "Home Appliances", "slug": "home_appliances"}}, {"model": "products.category", "pk": 9, "fields": {"name": "Grocery", "slug": "grocery"}}, {"model": "products.category", "pk": 10, "fields": {"name": "Makeup", "slug": "makeup"}}, {"model": "products.category", "pk": 11, "fields": {"name": "kids", "slug": "kids"}}, {"model": "products.category", "pk": 12, "fields": {"name": "HandMade", "slug": "handmade"}}, {"model": "products.category", "pk": 13, "fields": {"name": "Jewellery", "slug": "jewellery"}}, {"model": "products.category", "pk": 14, "fields": {"name": "Stationary", "slug": "stationary"}}, {"model": "products.category", "pk": 15, "fields": {"name": "Chocolate", "slug": "chocolate"}}, {"model": "products.product", "pk": 1, "fields": {"category": 1, "name": "Laptop", "slug": "laptop", "description": "Hp Laptop : \r\nDell laptops are known for their reliability and strong performance.\r\nThey are designed to meet the needs of students, professionals, and gamers.\r\nDell offers various series like Inspiron, XPS, Vostro, and Alienware.\r\nThe build quality of Dell laptops is solid and durable.\r\nThey come with powerful Intel or AMD processors.\r\nMost models provide fast SSD storage for quick boot times.\r\nDell laptops usually feature vibrant Full HD or 4K displays.\r\nBattery life is optimized for long working hours.\r\nThe keyboards are comfortable and suitable for typing.\r\nMany models include backlit keyboards for low-light use.\r\nDell laptops support multiple connectivity options like USB-C and HDMI.\r\nThey often include advanced security features such as fingerprint readers.\r\nThe cooling system is efficient, preventing overheating.\r\nDell provides good customer service and warranty support.\r\nThe laptops are suitable for multitasking and heavy software usage.\r\nGamers prefer Alienware for high graphics performance.\r\nBusiness users trust Dell for productivity and stability.\r\nThe design is sleek and modern in most models.\r\nThey come with Windows operating system pre-installed.\r\nOverall, Dell laptops offer a balance of performance, quality, and value.", "price": "50000.00", "discount_percent": "30.00", "discount_amount": "0.00", "stock": 5, "available": true, "created": "2026-02-19T07:45:20.715Z", "updated": "2026-03-06T06:59:32.327Z", "image": "products/laptop_hp.avif"}}, {"model": "products.product", "pk": 2, "fields": {"category": 1, "name": "Laptop", "slug": "Dell", "description": "", "price": "65000.00", "discount_percent": "0.00", "discount_amount": "0.00", "stock": 13, "available": true, "created": "2026-02-19T07:46:00.250Z", "updated": "2026-03-03T05:47:43.364Z", "image": "products/laptop_dell.jpg"}}, {"model": "products.product", "pk": 3, "fields": {"category": 1, "name": "Laptop", "slug": "Acer", "description": "", "price": "85000.00", "discount_percent": "0.00", "discount_amount": "0.00", "stock": 10, "available": true, "created": "2026-02-19T07:46:37.803Z", "updated": "2026-03-04T06:20:11.996Z", "image": "products/laptop_acer.webp"}}, {"model": "products.product", "pk": 4, "fields": {"category": 2, "name": "Biker jacket", "slug": "biker-jacket", "description": "A biker jacket is a stylish and timeless piece of outerwear known for its bold and edgy look. It was originally designed for motorcycle riders to provide protection and durability. Typically made from genuine or faux leather, biker jackets are strong, wind-resistant, and long-lasting. They usually feature a front zipper closure, wide lapels, and metal hardware details. Many designs include zippered pockets and adjustable belts for a classic rugged appearance.\r\n\r\nBiker jackets are popular in both men’s and women’s fashion. They add a cool and confident vibe to any outfit. You can pair them with jeans and boots for a classic look or wear them over a dress for a trendy contrast. The fitted structure enhances body shape and gives a sharp silhouette.", "price": "10000.00", "discount_percent": "0.00", "discount_amount": "0.00", "stock": 20, "available": true, "created": "2026-02-19T07:56:16.314Z", "updated": "2026-03-03T05:47:54.830Z", "image": "products/leather_BmCY32s.jpg"}}, {"model": "products.product", "pk": 5, "fields": {"category": 2, "name": "Moto jacket", "slug": "moto-jacket", "description": "", "price": "7000.00", "discount_percent": "0.00", "discount_amount": "0.00", "stock": 0, "available": true, "created": "2026-02-19T07:57:00.130Z", "updated": "2026-02-19T07:57:00.130Z", "image": "products/leather2_cWpW6zO.webp"}}, {"model": "products.product", "pk": 6, "fields": {"category": 2, "name": "Racer jacket", "slug": "racer-jacket", "description": "", "price": "1000.00", "discount_percent": "0.00", "discount_amount": "0.00", "stock": 8, "available": true, "created": "2026-02-19T07:57:55.067Z", "updated": "2026-03-04T06:32:32.434Z", "image": "products/leather3_8g8xdro_ICbny3L.jpg"}}, {"model": "products.product", "pk": 7, "fields": {"category": 3, "name": "T shirt", "slug": "t-shirt", "description": "", "price": "250.00", "discount_percent": "0.00", "discount_amount": "0.00", "stock": 18, "available": true, "created": "2026-02-19T07:58:19.696Z", "updated": "2026-03-04T07:26:15.694Z", "image": "products/2_bI4wp4b.jpg"}}, {"model": "products.product", "pk": 9, "fields": {"category": 4, "name": "Evening gown", "slug": "evening-gown", "description": "✨ Elegant Evening Gown – Western Outfit\r\n\r\nStep into sophistication with this stunning evening gown, designed to make every moment unforgettable. Crafted from premium-quality fabric, this western outfit features a graceful silhouette that enhances your natural shape while offering exceptional comfort. The soft, flowing material drapes beautifully, creating a refined and glamorous look", "price": "5000.00", "discount_percent": "0.00", "discount_amount": "0.00", "stock": 4, "available": true, "created": "2026-02-19T08:00:42.291Z", "updated": "2026-03-04T14:55:49.492Z", "image": "products/green_hgjXFBZ.jpg"}}, {"model": "products.product", "pk": 10, "fields": {"category": 6, "name": "Shoes", "slug": "shoes", "description": "Step into comfort and style with these premium casual sneakers — perfect for daily wear, travel, or weekend outings. Crafted with a breathable mesh upper and soft cushioned insole, these shoes keep your feet cool and comfortable all day long.\r\n\r\n✨ Key Features:\r\n\r\nLightweight & Breathable: Mesh fabric enhances airflow to keep feet fresh.\r\n\r\nFlexible Sole: Durable rubber outsole for excellent traction and smooth walking.\r\n\r\nPadded Comfort: Soft memory foam insole for all-day cushioning.\r\n\r\nModern Design: Sleek silhouette with stylish color accents to match any outfit.\r\n\r\nEasy Fit: Lace-up closure ensures a secure and personalized fit.", "price": "750.00", "discount_percent": "0.00", "discount_amount": "0.00", "stock": 0, "available": true, "created": "2026-02-27T06:53:42.651Z", "updated": "2026-02-27T06:56:18.023Z", "image": "products/shoes.webp"}}, {"model": "products.product", "pk": 11, "fields": {"category": 6, "name": "Rose gold party shoes", "slug": "rose-gold-party-shoes", "description": "Casual wear, running errands, light walks, gym sessions, travel, and everyday style.\r\n\r\n📏 Available Sizes: 6 UK – 11 UK (Check size chart before ordering)\r\n🎨 Available Colors: Black, White, Navy, Grey", "price": "2500.00", "discount_percent": "0.00", "discount_amount": "0.00", "stock": 0, "available": true, "created": "2026-02-27T06:55:17.488Z", "updated": "2026-02-27T06:55:17.488Z", "image": "products/rose_gold.jpg"}}, {"model": "products.product", "pk": 12, "fields": {"category": 1, "name": "mobile phone", "slug": "mobile", "description": "Buy OnePlus 15 5G (12GB RAM, 256GB, Ultra Voilet) Online - Croma", "price": "75000.00", "discount_percent": "0.00", "discount_amount": "0.00", "stock": 12, "available": true, "created": "2026-03-02T05:22:20.143Z", "updated": "2026-03-02T10:01:15.795Z", "image": "products/mobile_phone_.webp"}}, {"model": "products.product", "pk": 13, "fields": {"category": 1, "name": "Headphones", "slug": "headphones", "description": "Music at anywhere", "price": "3000.00", "discount_percent": "50.00", "discount_amount": "0.00", "stock": 7, "available": true, "created": "2026-03-02T05:31:19.680Z", "updated": "2026-03-06T06:35:15.758Z", "image": "products/headphone_Lj4cXpm.webp"}}, {"model": "products.product", "pk": 15, "fields": {"category": 3, "name": "Trolley bag", "slug": "trolley", "description": "", "price": "30000.00", "discount_percent": "0.00", "discount_amount": "0.00", "stock": 0, "available": true, "created": "2026-03-02T06:24:56.777Z", "updated": "2026-03-02T06:24:56.777Z", "image": ""}}, {"model": "products.product", "pk": 16, "fields": {"category": 4, "name": "Crop top", "slug": "croptop", "description": "Trending tops for girls", "price": "500.00", "discount_percent": "0.00", "discount_amount": "0.00", "stock": 2, "available": true, "created": "2026-03-02T09:36:46.775Z", "updated": "2026-03-02T10:27:37.147Z", "image": "products/tops.jpg"}}, {"model": "products.product", "pk": 17, "fields": {"category": 8, "name": "Refridgerator", "slug": "refridgerator", "description": "Most Hitec Fridge for daily use", "price": "10000.00", "discount_percent": "0.00", "discount_amount": "0.00", "stock": 7, "available": true, "created": "2026-03-04T07:22:07.566Z", "updated": "2026-03-04T07:22:07.566Z", "image": "products/fridge1.avif"}}, {"model": "products.product", "pk": 18, "fields": {"category": 9, "name": "oil", "slug": "oil", "description": "", "price": "280.00", "discount_percent": "0.00", "discount_amount": "0.00", "stock": 9, "available": true, "created": "2026-03-04T09:45:54.141Z", "updated": "2026-03-04T09:45:54.141Z", "image": "products/gr1.webp"}}, {"model": "products.product", "pk": 19, "fields": {"category": 9, "name": "Sugar", "slug": "sugar", "description": "", "price": "150.00", "discount_percent": "0.00", "discount_amount": "0.00", "stock": 14, "available": true, "created": "2026-03-04T09:48:02.301Z", "updated": "2026-03-04T09:48:02.301Z", "image": "products/sugar.jpg"}}, {"model": "products.product", "pk": 20, "fields": {"category": 9, "name": "Soft Drink", "slug": "softdrink", "description": "", "price": "30.00", "discount_percent": "0.00", "discount_amount": "0.00", "stock": 30, "available": true, "created": "2026-03-04T09:49:10.489Z", "updated": "2026-03-04T09:49:10.489Z", "image": ""}}, {"model": "products.product", "pk": 21, "fields": {"category": 9, "name": "Tea powder", "slug": "tea", "description": "", "price": "25.00", "discount_percent": "0.00", "discount_amount": "0.00", "stock": 25, "available": true, "created": "2026-03-04T09:50:06.854Z", "updated": "2026-03-04T09:50:06.854Z", "image": "products/ChocolateTeaPowder.webp"}}, {"model": "products.product", "pk": 22, "fields": {"category": 9, "name": "shampoo", "slug": "shampoo", "description": "", "price": "170.00", "discount_percent": "0.00", "discount_amount": "0.00", "stock": 15, "available": true, "created": "2026-03-04T09:51:47.116Z", "updated": "2026-03-04T09:51:47.116Z", "image": "products/amla-shampoo_1.png"}}, {"model": "products.product", "pk": 23, "fields": {"category": 9, "name": "Soap", "slug": "shampoo", "description": "", "price": "10.00", "discount_percent": "0.00", "discount_amount": "0.00", "stock": 18, "available": true, "created": "2026-03-04T09:55:32.081Z", "updated": "2026-03-04T09:55:32.081Z", "image": "products/Bath-Soap.jpg"}}, {"model": "products.product", "pk": 24, "fields": {"category": 9, "name": "Bread", "slug": "bread", "description": "", "price": "30.00", "discount_percent": "0.00", "discount_amount": "0.00", "stock": 17, "available": true, "created": "2026-03-04T09:56:18.525Z", "updated": "2026-03-04T09:56:18.525Z", "image": "products/bread.jpg"}}, {"model": "products.product", "pk": 25, "fields": {"category": 9, "name": "Rice", "slug": "rice", "description": "", "price": "50.00", "discount_percent": "0.00", "discount_amount": "0.00", "stock": 23, "available": true, "created": "2026-03-04T09:58:18.459Z", "updated": "2026-03-04T09:58:18.459Z", "image": "products/gr2.jpg"}}, {"model": "products.product", "pk": 26, "fields": {"category": 10, "name": "Matte Lipstick", "slug": "lipstick", "description": "", "price": "399.00", "discount_percent": "0.00", "discount_amount": "0.00", "stock": 20, "available": true, "created": "2026-03-04T10:08:16.133Z", "updated": "2026-03-04T10:08:16.133Z", "image": "products/lipstick.webp"}}, {"model": "products.product", "pk": 27, "fields": {"category": 10, "name": "Mascara", "slug": "mascara", "description": "", "price": "300.00", "discount_percent": "0.00", "discount_amount": "0.00", "stock": 13, "available": true, "created": "2026-03-04T10:09:05.782Z", "updated": "2026-03-04T10:09:05.782Z", "image": "products/mascara.jpg"}}, {"model": "products.product", "pk": 28, "fields": {"category": 10, "name": "Blush", "slug": "blush", "description": "", "price": "200.00", "discount_percent": "0.00", "discount_amount": "0.00", "stock": 18, "available": true, "created": "2026-03-04T10:09:50.912Z", "updated": "2026-03-04T10:09:50.912Z", "image": "products/blush.webp"}}, {"model": "products.product", "pk": 29, "fields": {"category": 10, "name": "Foundation", "slug": "foundation", "description": "", "price": "1000.00", "discount_percent": "0.00", "discount_amount": "0.00", "stock": 6, "available": true, "created": "2026-03-04T10:11:08.352Z", "updated": "2026-03-04T10:11:08.352Z", "image": "products/foundation.jpg"}}, {"model": "products.product", "pk": 30, "fields": {"category": 10, "name": "Kajal", "slug": "kajal", "description": "", "price": "333.00", "discount_percent": "0.00", "discount_amount": "0.00", "stock": 100, "available": true, "created": "2026-03-04T10:12:02.308Z", "updated": "2026-03-04T10:12:02.308Z", "image": "products/kajal.webp"}}, {"model": "products.product", "pk": 31, "fields": {"category": 11, "name": "T Shirt", "slug": "kids_t_shirt", "description": "", "price": "1999.00", "discount_percent": "0.00", "discount_amount": "0.00", "stock": 18, "available": true, "created": "2026-03-04T10:16:40.219Z", "updated": "2026-03-04T10:16:40.219Z", "image": "products/t1.avif"}}, {"model": "products.product", "pk": 32, "fields": {"category": 11, "name": "T Shirt", "slug": "kids_t_shirt", "description": "", "price": "1999.00", "discount_percent": "0.00", "discount_amount": "0.00", "stock": 19, "available": true, "created": "2026-03-04T10:18:16.593Z", "updated": "2026-03-04T10:18:16.593Z", "image": "products/t2.jpg"}}, {"model": "products.product", "pk": 33, "fields": {"category": 11, "name": "T Shirt", "slug": "kids_t_shirt", "description": "", "price": "1999.00", "discount_percent": "0.00", "discount_amount": "0.00", "stock": 19, "available": true, "created": "2026-03-04T10:18:47.829Z", "updated": "2026-03-04T10:18:47.829Z", "image": "products/t5.webp"}}, {"model": "products.product", "pk": 34, "fields": {"category": 3, "name": "T Shirt", "slug": "kids_t_shirt", "description": "", "price": "1999.00", "discount_percent": "0.00", "discount_amount": "0.00", "stock": 16, "available": true, "created": "2026-03-04T10:19:42.016Z", "updated": "2026-03-04T10:20:00.723Z", "image": "products/t6.jpg"}}, {"model": "products.product", "pk": 35, "fields": {"category": 4, "name": "T Shirt", "slug": "kids_t_shirt", "description": "", "price": "1999.00", "discount_percent": "0.00", "discount_amount": "0.00", "stock": 20, "available": true, "created": "2026-03-04T10:20:37.055Z", "updated": "2026-03-04T10:20:37.055Z", "image": "products/t3.webp"}}, {"model": "products.product", "pk": 36, "fields": {"category": 12, "name": "Macramé Wall Hanging", "slug": "Macrame", "description": "", "price": "799.00", "discount_percent": "0.00", "discount_amount": "0.00", "stock": 20, "available": true, "created": "2026-03-04T10:38:20.467Z", "updated": "2026-03-04T10:38:20.467Z", "image": "products/dec5.jpg"}}, {"model": "products.product", "pk": 37, "fields": {"category": 12, "name": "Macramé Wall Hanging", "slug": "Macrame", "description": "", "price": "799.00", "discount_percent": "0.00", "discount_amount": "0.00", "stock": 19, "available": true, "created": "2026-03-04T10:39:10.417Z", "updated": "2026-03-04T10:39:10.417Z", "image": "products/dec1.jpg"}}, {"model": "products.product", "pk": 38, "fields": {"category": 12, "name": "decor", "slug": "decor", "description": "", "price": "499.00", "discount_percent": "0.00", "discount_amount": "0.00", "stock": 14, "available": true, "created": "2026-03-04T10:40:31.931Z", "updated": "2026-03-04T10:40:31.931Z", "image": "products/dec4.avif"}}, {"model": "products.product", "pk": 39, "fields": {"category": 12, "name": "decor", "slug": "decor", "description": "", "price": "499.00", "discount_percent": "0.00", "discount_amount": "0.00", "stock": 10, "available": true, "created": "2026-03-04T10:41:03.535Z", "updated": "2026-03-04T10:41:03.535Z", "image": "products/dec2.webp"}}, {"model": "products.product", "pk": 40, "fields": {"category": 13, "name": "Handmade Jewelry", "slug": "Jewelry", "description": "", "price": "999.00", "discount_percent": "0.00", "discount_amount": "0.00", "stock": 30, "available": true, "created": "2026-03-04T10:44:07.062Z", "updated": "2026-03-04T10:44:07.062Z", "image": "products/jew1.webp"}}, {"model": "products.product", "pk": 41, "fields": {"category": 13, "name": "Handmade Jewelry", "slug": "Jewelry", "description": "", "price": "1999.00", "discount_percent": "0.00", "discount_amount": "0.00", "stock": 30, "available": true, "created": "2026-03-04T10:44:29.144Z", "updated": "2026-03-04T10:44:29.144Z", "image": "products/jew2.webp"}}, {"model": "products.product", "pk": 42, "fields": {"category": 13, "name": "Handmade Jewelry", "slug": "Jewelry", "description": "", "price": "2999.00", "discount_percent": "0.00", "discount_amount": "0.00", "stock": 29, "available": true, "created": "2026-03-04T10:44:56.985Z", "updated": "2026-03-04T10:44:56.985Z", "image": "products/jew3.jpg"}}, {"model": "products.product", "pk": 43, "fields": {"category": 13, "name": "Handmade Jewelry", "slug": "Jewelry", "description": "", "price": "3999.00", "discount_percent": "0.00", "discount_amount": "0.00", "stock": 27, "available": true, "created": "2026-03-04T10:45:36.191Z", "updated": "2026-03-04T10:45:36.191Z", "image": "products/jew4.avif"}}, {"model": "products.product", "pk": 44, "fields": {"category": 13, "name": "Handmade Jewelry", "slug": "Jewelry", "description": "", "price": "3999.00", "discount_percent": "0.00", "discount_amount": "0.00", "stock": 29, "available": true, "created": "2026-03-04T10:46:09.043Z", "updated": "2026-03-04T10:47:07.815Z", "image": "products/jew5.webp"}}, {"model": "products.product", "pk": 45, "fields": {"category": 13, "name": "Handmade Jewelry", "slug": "Jewelry", "description": "", "price": "3999.00", "discount_percent": "0.00", "discount_amount": "0.00", "stock": 26, "available": true, "created": "2026-03-04T10:46:42.965Z", "updated": "2026-03-05T05:16:52.957Z", "image": "products/jew6_bZgsv3O.webp"}}, {"model": "products.product", "pk": 46, "fields": {"category": 13, "name": "Handmade Jewelry", "slug": "Jewelry", "description": "", "price": "3999.00", "discount_percent": "0.00", "discount_amount": "999.00", "stock": 26, "available": true, "created": "2026-03-04T10:47:31.031Z", "updated": "2026-03-06T06:20:49.513Z", "image": "products/jew5_AF3Yllb.webp"}}, {"model": "products.product", "pk": 47, "fields": {"category": 3, "name": "jewel", "slug": "jewel", "description": "", "price": "2999.00", "discount_percent": "0.00", "discount_amount": "0.00", "stock": 7, "available": true, "created": "2026-03-04T10:52:21.025Z", "updated": "2026-03-04T10:52:21.025Z", "image": "products/jew5_86c5pm0.webp"}}, {"model": "products.product", "pk": 49, "fields": {"category": 8, "name": "Refridgerator", "slug": "refridgerator", "description": "Brand new fridge", "price": "8000.00", "discount_percent": "10.00", "discount_amount": "0.00", "stock": 6, "available": true, "created": "2026-03-05T05:49:42.896Z", "updated": "2026-03-06T06:15:40.399Z", "image": "products/fridge2_qxUA8sI.webp"}}, {"model": "products.product", "pk": 50, "fields": {"category": 8, "name": "Refridegerator", "slug": "refridegerator", "description": "own brand", "price": "10000.00", "discount_percent": "0.00", "discount_amount": "0.00", "stock": 14, "available": true, "created": "2026-03-05T06:33:31.889Z", "updated": "2026-03-05T06:33:31.889Z", "image": "products/fridge3avif.avif"}}, {"model": "products.product", "pk": 51, "fields": {"category": 14, "name": "Pen", "slug": "pen", "description": "For smooth writing", "price": "100.00", "discount_percent": "10.00", "discount_amount": "0.00", "stock": 19, "available": true, "created": "2026-03-06T06:28:53.158Z", "updated": "2026-03-06T06:28:53.158Z", "image": "products/pen.webp"}}, {"model": "products.product", "pk": 52, "fields": {"category": 15, "name": "Toffee", "slug": "toffee", "description": "", "price": "1.00", "discount_percent": "0.00", "discount_amount": "0.00", "stock": 20, "available": true, "created": "2026-03-10T11:11:23.880Z", "updated": "2026-03-10T11:11:46.740Z", "image": "products/mondelez-india-foods-private-limited-talegaon-dabhade-pune-chocolate-manufactu_w0SRt3j.avif"}}, {"model": "products.stockalertsubscription", "pk": 2, "fields": {"user": 11, "product": 16, "is_notified": true, "created_at": "2026-03-02T10:03:45.239Z", "notified_at": "2026-03-02T10:04:33.392Z"}}, {"model": "products.stockalertsubscription", "pk": 4, "fields": {"user": 8, "product": 9, "is_notified": true, "created_at": "2026-03-04T11:07:34.245Z", "notified_at": "2026-03-05T04:50:19.116Z"}}, {"model": "products.stockalertsubscription", "pk": 5, "fields": {"user": 8, "product": 5, "is_notified": false, "created_at": "2026-03-04T11:14:07.127Z", "notified_at": null}}, {"model": "products.stockalertsubscription", "pk": 6, "fields": {"user": 11, "product": 5, "is_notified": false, "created_at": "2026-03-04T11:21:28.377Z", "notified_at": null}}, {"model": "products.stockalertsubscription", "pk": 7, "fields": {"user": 14, "product": 11, "is_notified": false, "created_at": "2026-03-05T04:52:46.731Z", "notified_at": null}}, {"model": "products.stockalertsubscription", "pk": 8, "fields": {"user": 14, "product": 15, "is_notified": false, "created_at": "2026-03-05T09:47:38.943Z", "notified_at": null}}, {"model": "products.stockalertsubscription", "pk": 9, "fields": {"user": 16, "product": 10, "is_notified": false, "created_at": "2026-03-07T09:29:10.471Z", "notified_at": null}}, {"model": "products.stockalertsubscription", "pk": 10, "fields": {"user": 11, "product": 10, "is_notified": false, "created_at": "2026-03-10T02:23:47.798Z", "notified_at": null}}, {"model": "cart.cart", "pk": 15, "fields": {"created_at": "2026-02-25T09:24:11.312Z"}}, {"model": "cart.cart", "pk": 16, "fields": {"created_at": "2026-02-25T09:27:37.613Z"}}, {"model": "cart.cart", "pk": 17, "fields": {"created_at": "2026-02-25T09:34:39.300Z"}}, {"model": "cart.cart", "pk": 19, "fields": {"created_at": "2026-02-25T10:05:38.887Z"}}, {"model": "cart.cart", "pk": 27, "fields": {"created_at": "2026-02-26T10:40:02.754Z"}}, {"model": "cart.cart", "pk": 30, "fields": {"created_at": "2026-03-02T06:00:23.842Z"}}, {"model": "cart.cart", "pk": 44, "fields": {"created_at": "2026-03-03T05:57:35.029Z"}}, {"model": "cart.cart", "pk": 48, "fields": {"created_at": "2026-03-04T11:31:18.970Z"}}, {"model": "cart.cart", "pk": 54, "fields": {"created_at": "2026-03-05T06:49:00.015Z"}}, {"model": "cart.cart", "pk": 63, "fields": {"created_at": "2026-03-07T05:17:58.104Z"}}, {"model": "cart.cart", "pk": 65, "fields": {"created_at": "2026-03-09T06:15:48.891Z"}}, {"model": "cart.cart", "pk": 66, "fields": {"created_at": "2026-03-09T09:40:39.207Z"}}, {"model": "cart.cart", "pk": 74, "fields": {"created_at": "2026-03-10T10:40:36.292Z"}}, {"model": "cart.cart", "pk": 75, "fields": {"created_at": "2026-03-10T11:13:06.721Z"}}, {"model": "cart.cart", "pk": 78, "fields": {"created_at": "2026-03-10T14:00:30.178Z"}}, {"model": "cart.cart", "pk": 79, "fields": {"created_at": "2026-03-10T15:47:35.403Z"}}, {"model": "cart.cart", "pk": 80, "fields": {"created_at": "2026-03-11T04:44:19.971Z"}}, {"model": "cart.cart", "pk": 81, "fields": {"created_at": "2026-03-11T05:13:09.939Z"}}, {"model": "cart.cart", "pk": 83, "fields": {"created_at": "2026-03-11T06:35:14.205Z"}}, {"model": "cart.cart", "pk": 89, "fields": {"created_at": "2026-03-11T10:30:45.194Z"}}, {"model": "cart.cartitem", "pk": 33, "fields": {"cart": 15, "product": 1, "quantity": 1}}, {"model": "cart.cartitem", "pk": 34, "fields": {"cart": 16, "product": 7, "quantity": 1}}, {"model": "cart.cartitem", "pk": 35, "fields": {"cart": 17, "product": 6, "quantity": 1}}, {"model": "cart.cartitem", "pk": 37, "fields": {"cart": 19, "product": 7, "quantity": 1}}, {"model": "cart.cartitem", "pk": 38, "fields": {"cart": 19, "product": 9, "quantity": 2}}, {"model": "cart.cartitem", "pk": 39, "fields": {"cart": 19, "product": 5, "quantity": 1}}, {"model": "cart.cartitem", "pk": 40, "fields": {"cart": 19, "product": 3, "quantity": 1}}, {"model": "cart.cartitem", "pk": 48, "fields": {"cart": 27, "product": 9, "quantity": 1}}, {"model": "cart.cartitem", "pk": 69, "fields": {"cart": 44, "product": 16, "quantity": 1}}, {"model": "cart.cartitem", "pk": 89, "fields": {"cart": 48, "product": 27, "quantity": 2}}, {"model": "cart.cartitem", "pk": 90, "fields": {"cart": 48, "product": 25, "quantity": 1}}, {"model": "cart.cartitem", "pk": 99, "fields": {"cart": 54, "product": 50, "quantity": 1}}, {"model": "cart.cartitem", "pk": 113, "fields": {"cart": 63, "product": 37, "quantity": 1}}, {"model": "cart.cartitem", "pk": 115, "fields": {"cart": 65, "product": 38, "quantity": 1}}, {"model": "cart.cartitem", "pk": 116, "fields": {"cart": 66, "product": 51, "quantity": 1}}, {"model": "cart.cartitem", "pk": 136, "fields": {"cart": 74, "product": 51, "quantity": 1}}, {"model": "cart.cartitem", "pk": 137, "fields": {"cart": 75, "product": 52, "quantity": 1}}, {"model": "cart.cartitem", "pk": 147, "fields": {"cart": 81, "product": 33, "quantity": 1}}, {"model": "cart.cartitem", "pk": 158, "fields": {"cart": 89, "product": 52, "quantity": 1}}, {"model": "orders.coupon", "pk": 1, "fields": {"code": "WW#3", "discount_percent": 10, "active": true, "valid_from": "2026-03-03T05:52:51Z", "valid_to": "2026-03-03T05:55:00Z", "seller": null, "product": null}}, {"model": "orders.coupon", "pk": 2, "fields": {"code": "FYZ!10", "discount_percent": 10, "active": true, "valid_from": "2026-03-03T06:00:00Z", "valid_to": "2026-03-05T12:30:00Z", "seller": null, "product": null}}, {"model": "orders.coupon", "pk": 3, "fields": {"code": "ffzd23", "discount_percent": 20, "active": true, "valid_from": "2026-03-05T04:58:23Z", "valid_to": "2026-03-31T04:58:39Z", "seller": null, "product": null}}, {"model": "orders.coupon", "pk": 4, "fields": {"code": "YZ321@100", "discount_percent": 25, "active": true, "valid_from": "2026-03-05T05:15:00Z", "valid_to": "2026-03-06T05:15:00Z", "seller": 7, "product": 45}}, {"model": "orders.coupon", "pk": 5, "fields": {"code": "THIS@2026", "discount_percent": 75, "active": true, "valid_from": "2026-03-05T05:49:00Z", "valid_to": "2026-03-06T05:49:00Z", "seller": 7, "product": 49}}, {"model": "orders.order", "pk": 6, "fields": {"user": null, "full_name": "hhh", "email": "123@gmail.com", "address": "xyz", "created_at": "2026-02-19T10:48:01.306Z", "updated_at": "2026-02-19T10:48:01.306Z", "paid": false, "coupon_code": "", "discount_amount": "0.00", "total_amount": "20000.00", "payment_method": "cod"}}, {"model": "orders.order", "pk": 7, "fields": {"user": null, "full_name": "hhh", "email": "123@gmail.com", "address": "xyz", "created_at": "2026-02-19T10:50:55.489Z", "updated_at": "2026-02-19T10:50:55.489Z", "paid": false, "coupon_code": "", "discount_amount": "0.00", "total_amount": "72000.00", "payment_method": "cod"}}, {"model": "orders.order", "pk": 8, "fields": {"user": null, "full_name": "hhh", "email": "123@gmail.com", "address": "xyz", "created_at": "2026-02-19T18:05:01.366Z", "updated_at": "2026-02-19T18:05:01.366Z", "paid": false, "coupon_code": "", "discount_amount": "0.00", "total_amount": "17000.00", "payment_method": "cod"}}, {"model": "orders.order", "pk": 9, "fields": {"user": null, "full_name": "hhh", "email": "123@gmail.com", "address": "xyz", "created_at": "2026-02-19T18:57:38.245Z", "updated_at": "2026-02-19T18:57:38.245Z", "paid": false, "coupon_code": "", "discount_amount": "0.00", "total_amount": "0.00", "payment_method": "cod"}}, {"model": "orders.order", "pk": 10, "fields": {"user": null, "full_name": "hhh", "email": "123@gmail.com", "address": "xyz", "created_at": "2026-02-20T04:57:21.507Z", "updated_at": "2026-02-20T04:57:21.507Z", "paid": false, "coupon_code": "", "discount_amount": "0.00", "total_amount": "0.00", "payment_method": "cod"}}, {"model": "orders.order", "pk": 11, "fields": {"user": null, "full_name": "hhh", "email": "123@gmail.com", "address": "xyz", "created_at": "2026-02-20T10:54:02.356Z", "updated_at": "2026-02-20T10:54:02.356Z", "paid": false, "coupon_code": "", "discount_amount": "0.00", "total_amount": "160000.00", "payment_method": "cod"}}, {"model": "orders.order", "pk": 12, "fields": {"user": null, "full_name": "hhh", "email": "123@gmail.com", "address": "xyz", "created_at": "2026-02-23T15:10:20.640Z", "updated_at": "2026-02-23T15:10:20.640Z", "paid": false, "coupon_code": "", "discount_amount": "0.00", "total_amount": "130000.00", "payment_method": "cod"}}, {"model": "orders.order", "pk": 13, "fields": {"user": null, "full_name": "hhh", "email": "123@gmail.com", "address": "xyz", "created_at": "2026-02-25T05:59:17.671Z", "updated_at": "2026-02-25T05:59:17.671Z", "paid": false, "coupon_code": "", "discount_amount": "0.00", "total_amount": "157000.00", "payment_method": "cod"}}, {"model": "orders.order", "pk": 14, "fields": {"user": null, "full_name": "hhh", "email": "123@gmail.com", "address": "xyz", "created_at": "2026-02-25T06:18:42.085Z", "updated_at": "2026-02-25T06:18:42.085Z", "paid": false, "coupon_code": "", "discount_amount": "0.00", "total_amount": "14000.00", "payment_method": "cod"}}, {"model": "orders.order", "pk": 15, "fields": {"user": null, "full_name": "hhh", "email": "123@gmail.com", "address": "xyz", "created_at": "2026-02-25T07:30:43.211Z", "updated_at": "2026-02-25T07:30:43.211Z", "paid": false, "coupon_code": "", "discount_amount": "0.00", "total_amount": "80000.00", "payment_method": "cod"}}, {"model": "orders.order", "pk": 16, "fields": {"user": null, "full_name": "hhh", "email": "123@gmail.com", "address": "xyz", "created_at": "2026-02-25T08:51:11.703Z", "updated_at": "2026-02-25T08:51:11.703Z", "paid": false, "coupon_code": "", "discount_amount": "0.00", "total_amount": "85000.00", "payment_method": "cod"}}, {"model": "orders.order", "pk": 17, "fields": {"user": null, "full_name": "hhh", "email": "123@gmail.com", "address": "xyz", "created_at": "2026-02-25T09:05:42.612Z", "updated_at": "2026-02-25T09:05:42.612Z", "paid": false, "coupon_code": "", "discount_amount": "0.00", "total_amount": "50000.00", "payment_method": "cod"}}, {"model": "orders.order", "pk": 18, "fields": {"user": null, "full_name": "hhh", "email": "123@gmail.com", "address": "xyz", "created_at": "2026-02-25T09:12:03.018Z", "updated_at": "2026-02-25T09:12:03.018Z", "paid": false, "coupon_code": "", "discount_amount": "0.00", "total_amount": "50000.00", "payment_method": "cod"}}, {"model": "orders.order", "pk": 19, "fields": {"user": null, "full_name": "hhh", "email": "123@gmail.com", "address": "xyz", "created_at": "2026-02-25T10:04:32.256Z", "updated_at": "2026-02-25T10:04:32.256Z", "paid": false, "coupon_code": "", "discount_amount": "0.00", "total_amount": "20000.00", "payment_method": "cod"}}, {"model": "orders.order", "pk": 20, "fields": {"user": null, "full_name": "hhh", "email": "123@gmail.com", "address": "xyz", "created_at": "2026-02-25T10:25:24.860Z", "updated_at": "2026-02-25T10:25:24.860Z", "paid": false, "coupon_code": "", "discount_amount": "0.00", "total_amount": "100000.00", "payment_method": "cod"}}, {"model": "orders.order", "pk": 23, "fields": {"user": null, "full_name": "hhh", "email": "123@gmail.com", "address": "xyz", "created_at": "2026-02-25T10:58:53.401Z", "updated_at": "2026-02-25T10:58:53.401Z", "paid": false, "coupon_code": "", "discount_amount": "0.00", "total_amount": "5000.00", "payment_method": "cod"}}, {"model": "orders.order", "pk": 24, "fields": {"user": null, "full_name": "hhh", "email": "123@gmail.com", "address": "xyz", "created_at": "2026-02-25T11:11:22.394Z", "updated_at": "2026-02-25T11:11:22.394Z", "paid": false, "coupon_code": "", "discount_amount": "0.00", "total_amount": "10000.00", "payment_method": "cod"}}, {"model": "orders.order", "pk": 25, "fields": {"user": null, "full_name": "test", "email": "test@gmail.com", "address": "xyz", "created_at": "2026-02-25T14:48:35.661Z", "updated_at": "2026-02-25T14:48:35.661Z", "paid": false, "coupon_code": "", "discount_amount": "0.00", "total_amount": "100000.00", "payment_method": "cod"}}, {"model": "orders.order", "pk": 26, "fields": {"user": null, "full_name": "test", "email": "test@gmail.com", "address": "xyz", "created_at": "2026-02-26T06:11:58.505Z", "updated_at": "2026-02-26T06:11:58.505Z", "paid": false, "coupon_code": "", "discount_amount": "0.00", "total_amount": "5000.00", "payment_method": "cod"}}, {"model": "orders.order", "pk": 27, "fields": {"user": null, "full_name": "test", "email": "test@gmail.com", "address": "xyz", "created_at": "2026-02-27T07:00:34.422Z", "updated_at": "2026-02-27T07:00:34.422Z", "paid": false, "coupon_code": "", "discount_amount": "0.00", "total_amount": "2500.00", "payment_method": "cod"}}, {"model": "orders.order", "pk": 28, "fields": {"user": null, "full_name": "test", "email": "test@gmail.com", "address": "xyz", "created_at": "2026-02-27T07:02:02.550Z", "updated_at": "2026-02-27T07:02:02.550Z", "paid": false, "coupon_code": "", "discount_amount": "0.00", "total_amount": "750.00", "payment_method": "cod"}}, {"model": "orders.order", "pk": 29, "fields": {"user": null, "full_name": "test", "email": "test@gmail.com", "address": "xyz", "created_at": "2026-03-02T06:28:33.884Z", "updated_at": "2026-03-02T06:28:33.884Z", "paid": false, "coupon_code": "", "discount_amount": "0.00", "total_amount": "30000.00", "payment_method": "cod"}}, {"model": "orders.order", "pk": 30, "fields": {"user": null, "full_name": "test", "email": "test@gmail.com", "address": "xyz", "created_at": "2026-03-02T06:38:59.084Z", "updated_at": "2026-03-02T06:38:59.084Z", "paid": false, "coupon_code": "", "discount_amount": "0.00", "total_amount": "3998.00", "payment_method": "cod"}}, {"model": "orders.order", "pk": 31, "fields": {"user": null, "full_name": "test", "email": "test@gmail.com", "address": "xyz", "created_at": "2026-03-02T06:41:14.435Z", "updated_at": "2026-03-02T06:41:14.435Z", "paid": false, "coupon_code": "", "discount_amount": "0.00", "total_amount": "1999.00", "payment_method": "cod"}}, {"model": "orders.order", "pk": 32, "fields": {"user": null, "full_name": "test", "email": "test@gmail.com", "address": "xyz", "created_at": "2026-03-02T06:54:29.531Z", "updated_at": "2026-03-02T06:54:29.531Z", "paid": false, "coupon_code": "", "discount_amount": "0.00", "total_amount": "75000.00", "payment_method": "cod"}}, {"model": "orders.order", "pk": 33, "fields": {"user": null, "full_name": "test", "email": "test@gmail.com", "address": "xyz", "created_at": "2026-03-02T07:18:55.422Z", "updated_at": "2026-03-02T07:18:55.422Z", "paid": false, "coupon_code": "", "discount_amount": "0.00", "total_amount": "50000.00", "payment_method": "cod"}}, {"model": "orders.order", "pk": 34, "fields": {"user": null, "full_name": "First_user", "email": "sharvapriya.s2021@kgkite.ac.in", "address": "chennai", "created_at": "2026-03-02T07:21:04.954Z", "updated_at": "2026-03-02T07:21:04.954Z", "paid": false, "coupon_code": "", "discount_amount": "0.00", "total_amount": "127500.00", "payment_method": "cod"}}, {"model": "orders.order", "pk": 35, "fields": {"user": 11, "full_name": "user", "email": "sharvapriya.s2021@kgkite.ac.in", "address": "chennai", "created_at": "2026-03-02T07:29:29.774Z", "updated_at": "2026-03-02T07:29:29.774Z", "paid": false, "coupon_code": "", "discount_amount": "0.00", "total_amount": "226999.00", "payment_method": "cod"}}, {"model": "orders.order", "pk": 36, "fields": {"user": 11, "full_name": "Sharvapriya Sivanesan", "email": "sharvapriya.s2021@kgkite.ac.in", "address": "dubai", "created_at": "2026-03-02T07:38:49.288Z", "updated_at": "2026-03-02T07:38:49.288Z", "paid": false, "coupon_code": "", "discount_amount": "0.00", "total_amount": "2000.00", "payment_method": "cod"}}, {"model": "orders.order", "pk": 37, "fields": {"user": 11, "full_name": "Sharvapriya", "email": "sharvapriyasivanesan23@gmail.com", "address": "Sadiq Basha street", "created_at": "2026-03-02T09:38:32.740Z", "updated_at": "2026-03-02T09:38:32.740Z", "paid": false, "coupon_code": "", "discount_amount": "0.00", "total_amount": "500.00", "payment_method": "cod"}}, {"model": "orders.order", "pk": 38, "fields": {"user": 11, "full_name": "Sharvapriya", "email": "sharvapriyasivanesan23@gmail.com", "address": "Sadiq Basha street", "created_at": "2026-03-02T09:46:34.499Z", "updated_at": "2026-03-02T09:46:34.499Z", "paid": false, "coupon_code": "", "discount_amount": "0.00", "total_amount": "2500.00", "payment_method": "cod"}}, {"model": "orders.order", "pk": 39, "fields": {"user": 11, "full_name": "Sharvapriya Sivanesan", "email": "sharvapriya.s2021@kgkite.ac.in", "address": "chennai", "created_at": "2026-03-02T10:38:32.117Z", "updated_at": "2026-03-02T10:38:32.117Z", "paid": false, "coupon_code": "", "discount_amount": "0.00", "total_amount": "225000.00", "payment_method": "cod"}}, {"model": "orders.order", "pk": 40, "fields": {"user": null, "full_name": "test", "email": "test@gmail.com", "address": "xyz", "created_at": "2026-03-03T05:54:01.906Z", "updated_at": "2026-03-03T05:54:01.906Z", "paid": false, "coupon_code": "WW#3", "discount_amount": "50.00", "total_amount": "450.00", "payment_method": "cod"}}, {"model": "orders.order", "pk": 41, "fields": {"user": 11, "full_name": "Sharvapriya", "email": "sharvapriyasivanesan23@gmail.com", "address": "Sadiq Basha street", "created_at": "2026-03-03T07:21:54.960Z", "updated_at": "2026-03-03T07:21:54.960Z", "paid": false, "coupon_code": "", "discount_amount": "0.00", "total_amount": "66999.00", "payment_method": "cod"}}, {"model": "orders.order", "pk": 42, "fields": {"user": 8, "full_name": "Sharvapriya", "email": "sharvapriyasivanesan23@gmail.com", "address": "Sadiq Basha street", "created_at": "2026-03-04T10:55:27.515Z", "updated_at": "2026-03-04T10:55:27.515Z", "paid": false, "coupon_code": "", "discount_amount": "0.00", "total_amount": "9016.00", "payment_method": "cod"}}, {"model": "orders.order", "pk": 43, "fields": {"user": 8, "full_name": "Sharvapriya", "email": "sharvapriyasivanesan23@gmail.com", "address": "Sadiq Basha street", "created_at": "2026-03-04T11:17:59.127Z", "updated_at": "2026-03-04T11:17:59.127Z", "paid": false, "coupon_code": "FYZ!10", "discount_amount": "308.90", "total_amount": "2780.10", "payment_method": "cod"}}, {"model": "orders.order", "pk": 44, "fields": {"user": 11, "full_name": "Ramya", "email": "Ramya@gmail.com", "address": "Trichy", "created_at": "2026-03-04T11:27:38.618Z", "updated_at": "2026-03-04T11:27:38.618Z", "paid": false, "coupon_code": "FYZ!10", "discount_amount": "1502.90", "total_amount": "13526.10", "payment_method": "cod"}}, {"model": "orders.order", "pk": 45, "fields": {"user": 14, "full_name": "Anu", "email": "anu7070@gmail.com", "address": "Hyderabad", "created_at": "2026-03-05T04:59:57.351Z", "updated_at": "2026-03-05T04:59:57.351Z", "paid": false, "coupon_code": "ffzd23", "discount_amount": "1009.60", "total_amount": "4038.40", "payment_method": "cod"}}, {"model": "orders.order", "pk": 46, "fields": {"user": 11, "full_name": "sanjay", "email": "ez122@gmail.com", "address": "Trichy", "created_at": "2026-03-05T05:24:07.460Z", "updated_at": "2026-03-05T05:24:07.460Z", "paid": false, "coupon_code": "", "discount_amount": "0.00", "total_amount": "1000.00", "payment_method": "cod"}}, {"model": "orders.order", "pk": 47, "fields": {"user": 11, "full_name": "Surya", "email": "saara@123.com", "address": "Madurai", "created_at": "2026-03-05T05:52:24.124Z", "updated_at": "2026-03-05T05:52:24.124Z", "paid": false, "coupon_code": "", "discount_amount": "0.00", "total_amount": "8000.00", "payment_method": "cod"}}, {"model": "orders.order", "pk": 48, "fields": {"user": 11, "full_name": "Surya", "email": "saara@123.com", "address": "dubai", "created_at": "2026-03-05T05:55:46.473Z", "updated_at": "2026-03-05T05:55:46.473Z", "paid": false, "coupon_code": "THIS@2026", "discount_amount": "6000.00", "total_amount": "2000.00", "payment_method": "cod"}}, {"model": "orders.order", "pk": 49, "fields": {"user": 11, "full_name": "surya", "email": "saara@123.com", "address": "Coimbatore", "created_at": "2026-03-05T06:02:38.700Z", "updated_at": "2026-03-05T06:02:38.700Z", "paid": false, "coupon_code": "ffzd23", "discount_amount": "1600.00", "total_amount": "6400.00", "payment_method": "cod"}}, {"model": "orders.order", "pk": 50, "fields": {"user": 11, "full_name": "Sharvapriya Sivanesan", "email": "sharvapriya.s2021@kgkite.ac.in", "address": "Madurai", "created_at": "2026-03-05T07:26:07.747Z", "updated_at": "2026-03-05T07:26:07.747Z", "paid": false, "coupon_code": "", "discount_amount": "0.00", "total_amount": "11999.00", "payment_method": "cod"}}, {"model": "orders.order", "pk": 51, "fields": {"user": 14, "full_name": "Anu", "email": "anu7070@gmail.com", "address": "Hyderabad", "created_at": "2026-03-05T09:57:31.880Z", "updated_at": "2026-03-05T09:57:31.880Z", "paid": false, "coupon_code": "", "discount_amount": "0.00", "total_amount": "10000.00", "payment_method": "cod"}}, {"model": "orders.order", "pk": 52, "fields": {"user": 8, "full_name": "Sharvapriya", "email": "n23@gmail.com", "address": "Tym", "created_at": "2026-03-05T11:26:46.441Z", "updated_at": "2026-03-05T11:26:46.441Z", "paid": false, "coupon_code": "", "discount_amount": "0.00", "total_amount": "20000.00", "payment_method": "cod"}}, {"model": "orders.order", "pk": 53, "fields": {"user": 14, "full_name": "Anu", "email": "anu7070@gmail.com", "address": "Hyderabad", "created_at": "2026-03-05T16:59:08.892Z", "updated_at": "2026-03-05T16:59:08.892Z", "paid": false, "coupon_code": "", "discount_amount": "0.00", "total_amount": "2999.00", "payment_method": "cod"}}, {"model": "orders.order", "pk": 54, "fields": {"user": 14, "full_name": "Anu", "email": "anu7070@gmail.com", "address": "Hyderabad", "created_at": "2026-03-06T05:12:06.052Z", "updated_at": "2026-03-06T05:12:06.052Z", "paid": false, "coupon_code": "", "discount_amount": "0.00", "total_amount": "2999.00", "payment_method": "cod"}}, {"model": "orders.order", "pk": 55, "fields": {"user": 19, "full_name": "preethi", "email": "anu7070@gmail.com", "address": "Hyderabad", "created_at": "2026-03-06T11:05:22.538Z", "updated_at": "2026-03-06T11:05:22.538Z", "paid": false, "coupon_code": "", "discount_amount": "0.00", "total_amount": "10200.00", "payment_method": "cod"}}, {"model": "orders.order", "pk": 56, "fields": {"user": 21, "full_name": "preethi", "email": "anu7070@gmail.com", "address": "Hyderabad", "created_at": "2026-03-06T13:02:38.707Z", "updated_at": "2026-03-06T13:02:38.707Z", "paid": false, "coupon_code": "", "discount_amount": "0.00", "total_amount": "1999.00", "payment_method": "online"}}, {"model": "orders.order", "pk": 57, "fields": {"user": 21, "full_name": "preethi", "email": "anu7070@gmail.com", "address": "Hyderabad", "created_at": "2026-03-06T16:25:52.648Z", "updated_at": "2026-03-06T16:35:33.849Z", "paid": true, "coupon_code": "", "discount_amount": "0.00", "total_amount": "5998.00", "payment_method": "cod"}}, {"model": "orders.order", "pk": 58, "fields": {"user": 11, "full_name": "Sharvapriya Sivanesan", "email": "sharvapriya.s2021@kgkite.ac.in", "address": "Vellore", "created_at": "2026-03-07T05:17:43.425Z", "updated_at": "2026-03-07T05:17:43.425Z", "paid": false, "coupon_code": "", "discount_amount": "0.00", "total_amount": "3000.00", "payment_method": "cod"}}, {"model": "orders.order", "pk": 59, "fields": {"user": 11, "full_name": "Sharvapriya Sivanesan", "email": "sharvapriya.s2021@kgkite.ac.in", "address": "gggg", "created_at": "2026-03-07T05:18:20.586Z", "updated_at": "2026-03-07T05:18:20.586Z", "paid": false, "coupon_code": "", "discount_amount": "0.00", "total_amount": "90.00", "payment_method": "online"}}, {"model": "orders.order", "pk": 60, "fields": {"user": 11, "full_name": "Sharvapriya Sivanesan", "email": "sharvapriya.s2021@kgkite.ac.in", "address": "6666", "created_at": "2026-03-07T06:59:50.845Z", "updated_at": "2026-03-07T06:59:50.845Z", "paid": false, "coupon_code": "", "discount_amount": "0.00", "total_amount": "799.00", "payment_method": "online"}}, {"model": "orders.order", "pk": 61, "fields": {"user": 16, "full_name": "preethi", "email": "anu7070@gmail.com", "address": "Hyderabad", "created_at": "2026-03-07T07:04:50.454Z", "updated_at": "2026-03-07T07:04:50.454Z", "paid": false, "coupon_code": "", "discount_amount": "0.00", "total_amount": "3999.00", "payment_method": "cod"}}, {"model": "orders.order", "pk": 62, "fields": {"user": 20, "full_name": "preethi", "email": "anu7070@gmail.com", "address": "Hyderabad", "created_at": "2026-03-09T06:15:59.213Z", "updated_at": "2026-03-09T06:15:59.213Z", "paid": false, "coupon_code": "", "discount_amount": "0.00", "total_amount": "499.00", "payment_method": "online"}}, {"model": "orders.order", "pk": 63, "fields": {"user": 11, "full_name": "preethi", "email": "anu7070@gmail.com", "address": "Hyderabad", "created_at": "2026-03-09T10:16:50.295Z", "updated_at": "2026-03-09T10:16:50.295Z", "paid": false, "coupon_code": "", "discount_amount": "0.00", "total_amount": "300.00", "payment_method": "cod"}}, {"model": "orders.order", "pk": 64, "fields": {"user": 11, "full_name": "hhh", "email": "eerr@gmail.com", "address": "Hyderabad", "created_at": "2026-03-09T10:53:07.398Z", "updated_at": "2026-03-09T10:53:07.398Z", "paid": false, "coupon_code": "", "discount_amount": "0.00", "total_amount": "3999.00", "payment_method": "cod"}}, {"model": "orders.order", "pk": 65, "fields": {"user": 8, "full_name": "Sharvapriya", "email": "sharvapriyasivanesan23@gmail.com", "address": "Sadiq Basha street", "created_at": "2026-03-09T10:57:04.789Z", "updated_at": "2026-03-09T10:57:04.789Z", "paid": false, "coupon_code": "", "discount_amount": "0.00", "total_amount": "250.00", "payment_method": "cod"}}, {"model": "orders.order", "pk": 66, "fields": {"user": 11, "full_name": "Ananth", "email": "aaaa@gmail.com", "address": "111 Gandhi street , Sivangangai , Tamilnadu-35", "created_at": "2026-03-10T02:30:19.943Z", "updated_at": "2026-03-10T02:30:19.943Z", "paid": false, "coupon_code": "ffzd23", "discount_amount": "4117.00", "total_amount": "16468.00", "payment_method": "cod"}}, {"model": "orders.order", "pk": 67, "fields": {"user": 11, "full_name": "Dhinesh", "email": "aaaa@gmail.com", "address": "Kancheepuram , Tamilnadu-35", "created_at": "2026-03-10T06:29:16.106Z", "updated_at": "2026-03-10T06:29:16.106Z", "paid": false, "coupon_code": "", "discount_amount": "0.00", "total_amount": "1000.00", "payment_method": "cod"}}, {"model": "orders.order", "pk": 68, "fields": {"user": 11, "full_name": "hhh", "email": "rres@gmail.com", "address": "Hyderabad", "created_at": "2026-03-10T07:11:13.895Z", "updated_at": "2026-03-10T07:11:13.895Z", "paid": false, "coupon_code": "", "discount_amount": "0.00", "total_amount": "66500.00", "payment_method": "cod"}}, {"model": "orders.order", "pk": 69, "fields": {"user": 11, "full_name": "hhh", "email": "rres@gmail.com", "address": "Hyderabad", "created_at": "2026-03-10T07:17:03.981Z", "updated_at": "2026-03-10T07:17:03.981Z", "paid": false, "coupon_code": "", "discount_amount": "0.00", "total_amount": "7200.00", "payment_method": "cod"}}, {"model": "orders.order", "pk": 70, "fields": {"user": 11, "full_name": "priya", "email": "priya@gmail.com", "address": "cbe", "created_at": "2026-03-10T10:55:30.481Z", "updated_at": "2026-03-10T10:55:30.481Z", "paid": false, "coupon_code": "", "discount_amount": "0.00", "total_amount": "90.00", "payment_method": "online"}}, {"model": "orders.order", "pk": 71, "fields": {"user": 11, "full_name": "priya", "email": "priya@gmail.com", "address": "cbe", "created_at": "2026-03-10T10:55:33.066Z", "updated_at": "2026-03-10T10:55:33.066Z", "paid": false, "coupon_code": "", "discount_amount": "0.00", "total_amount": "90.00", "payment_method": "online"}}, {"model": "orders.order", "pk": 72, "fields": {"user": 11, "full_name": "priya", "email": "priya@gmail.com", "address": "cbe", "created_at": "2026-03-10T10:55:38.094Z", "updated_at": "2026-03-10T10:55:38.094Z", "paid": false, "coupon_code": "", "discount_amount": "0.00", "total_amount": "90.00", "payment_method": "online"}}, {"model": "orders.order", "pk": 73, "fields": {"user": 11, "full_name": "priya", "email": "priya@gmail.com", "address": "cbe", "created_at": "2026-03-10T10:55:39.374Z", "updated_at": "2026-03-10T10:55:39.374Z", "paid": false, "coupon_code": "", "discount_amount": "0.00", "total_amount": "90.00", "payment_method": "online"}}, {"model": "orders.order", "pk": 74, "fields": {"user": 11, "full_name": "priya", "email": "priya@gmail.com", "address": "cbe", "created_at": "2026-03-10T10:55:40.221Z", "updated_at": "2026-03-10T10:55:40.221Z", "paid": false, "coupon_code": "", "discount_amount": "0.00", "total_amount": "90.00", "payment_method": "online"}}, {"model": "orders.order", "pk": 75, "fields": {"user": 11, "full_name": "priya", "email": "priya@gmail.com", "address": "cbe", "created_at": "2026-03-10T10:55:43.966Z", "updated_at": "2026-03-10T10:55:43.966Z", "paid": false, "coupon_code": "", "discount_amount": "0.00", "total_amount": "90.00", "payment_method": "online"}}, {"model": "orders.order", "pk": 76, "fields": {"user": 11, "full_name": "priya", "email": "priya@gmail.com", "address": "cbe", "created_at": "2026-03-10T10:55:44.458Z", "updated_at": "2026-03-10T10:55:44.458Z", "paid": false, "coupon_code": "", "discount_amount": "0.00", "total_amount": "90.00", "payment_method": "online"}}, {"model": "orders.order", "pk": 77, "fields": {"user": 11, "full_name": "priya", "email": "priya@gmail.com", "address": "cbe", "created_at": "2026-03-10T10:55:44.815Z", "updated_at": "2026-03-10T10:55:44.815Z", "paid": false, "coupon_code": "", "discount_amount": "0.00", "total_amount": "90.00", "payment_method": "online"}}, {"model": "orders.order", "pk": 78, "fields": {"user": 11, "full_name": "priya", "email": "priya@gmail.com", "address": "cbe", "created_at": "2026-03-10T10:59:00.096Z", "updated_at": "2026-03-10T10:59:00.096Z", "paid": false, "coupon_code": "", "discount_amount": "0.00", "total_amount": "90.00", "payment_method": "online"}}, {"model": "orders.order", "pk": 79, "fields": {"user": 11, "full_name": "priya", "email": "priya@gmail.com", "address": "cbe", "created_at": "2026-03-10T10:59:02.984Z", "updated_at": "2026-03-10T10:59:02.984Z", "paid": false, "coupon_code": "", "discount_amount": "0.00", "total_amount": "90.00", "payment_method": "online"}}, {"model": "orders.order", "pk": 80, "fields": {"user": 11, "full_name": "priya", "email": "priya@gmail.com", "address": "cbe", "created_at": "2026-03-10T10:59:04.626Z", "updated_at": "2026-03-10T10:59:04.626Z", "paid": false, "coupon_code": "", "discount_amount": "0.00", "total_amount": "90.00", "payment_method": "online"}}, {"model": "orders.order", "pk": 81, "fields": {"user": 11, "full_name": "priya", "email": "priya@gmail.com", "address": "cbe", "created_at": "2026-03-10T10:59:36.059Z", "updated_at": "2026-03-10T10:59:36.059Z", "paid": false, "coupon_code": "", "discount_amount": "0.00", "total_amount": "90.00", "payment_method": "online"}}, {"model": "orders.order", "pk": 82, "fields": {"user": 11, "full_name": "priya", "email": "priya@gmail.com", "address": "cbe", "created_at": "2026-03-10T10:59:37.793Z", "updated_at": "2026-03-10T10:59:37.793Z", "paid": false, "coupon_code": "", "discount_amount": "0.00", "total_amount": "90.00", "payment_method": "online"}}, {"model": "orders.order", "pk": 83, "fields": {"user": 11, "full_name": "priya", "email": "priya@gmail.com", "address": "cbe", "created_at": "2026-03-10T11:01:30.288Z", "updated_at": "2026-03-10T11:01:30.288Z", "paid": false, "coupon_code": "", "discount_amount": "0.00", "total_amount": "90.00", "payment_method": "online"}}, {"model": "orders.order", "pk": 84, "fields": {"user": 16, "full_name": "priya", "email": "priya@gmail.com", "address": "cbe", "created_at": "2026-03-10T11:13:21.910Z", "updated_at": "2026-03-10T11:13:21.910Z", "paid": false, "coupon_code": "", "discount_amount": "0.00", "total_amount": "1.00", "payment_method": "online"}}, {"model": "orders.order", "pk": 85, "fields": {"user": 11, "full_name": "payment1", "email": "aaaa@gmail.com", "address": "Nilgiri , Tamilnadu", "created_at": "2026-03-10T13:41:55.154Z", "updated_at": "2026-03-10T13:41:55.154Z", "paid": false, "coupon_code": "", "discount_amount": "0.00", "total_amount": "10000.00", "payment_method": "online"}}, {"model": "orders.order", "pk": 86, "fields": {"user": 11, "full_name": "Dhanush", "email": "aaaa@gmail.com", "address": "Nilgiri , Tamilnadu", "created_at": "2026-03-10T13:43:25.839Z", "updated_at": "2026-03-10T13:43:25.839Z", "paid": false, "coupon_code": "", "discount_amount": "0.00", "total_amount": "10000.00", "payment_method": "online"}}, {"model": "orders.order", "pk": 87, "fields": {"user": 11, "full_name": "Dhanush", "email": "aaaa@gmail.com", "address": "Nilgiri , Tamilnadu", "created_at": "2026-03-10T13:57:26.540Z", "updated_at": "2026-03-10T13:57:26.540Z", "paid": false, "coupon_code": "", "discount_amount": "0.00", "total_amount": "10000.00", "payment_method": "cod"}}, {"model": "orders.order", "pk": 88, "fields": {"user": 11, "full_name": "Dhanush", "email": "aaaa@gmail.com", "address": "Nilgiri , Tamilnadu", "created_at": "2026-03-10T13:59:11.656Z", "updated_at": "2026-03-10T13:59:11.656Z", "paid": false, "coupon_code": "", "discount_amount": "0.00", "total_amount": "10000.00", "payment_method": "cod"}}, {"model": "orders.order", "pk": 89, "fields": {"user": 11, "full_name": "Megha", "email": "aaaa@gmail.com", "address": "Nilgiri , Tamilnadu", "created_at": "2026-03-10T14:00:53.096Z", "updated_at": "2026-03-10T14:00:53.096Z", "paid": false, "coupon_code": "", "discount_amount": "0.00", "total_amount": "85000.00", "payment_method": "online"}}, {"model": "orders.order", "pk": 90, "fields": {"user": 11, "full_name": "Vinu", "email": "aaaa@gmail.com", "address": "Nilgiri , Tamilnadu", "created_at": "2026-03-10T14:27:21.450Z", "updated_at": "2026-03-10T14:27:21.450Z", "paid": false, "coupon_code": "", "discount_amount": "0.00", "total_amount": "200.00", "payment_method": "online"}}, {"model": "orders.order", "pk": 91, "fields": {"user": 11, "full_name": "Vinu", "email": "aaaa@gmail.com", "address": "Nilgiri , Tamilnadu", "created_at": "2026-03-10T14:34:37.685Z", "updated_at": "2026-03-10T14:34:37.685Z", "paid": false, "coupon_code": "", "discount_amount": "0.00", "total_amount": "200.00", "payment_method": "online"}}, {"model": "orders.order", "pk": 92, "fields": {"user": 11, "full_name": "Vinu", "email": "aaaa@gmail.com", "address": "Nilgiri , Tamilnadu", "created_at": "2026-03-10T14:53:49.779Z", "updated_at": "2026-03-10T14:59:45.403Z", "paid": false, "coupon_code": "", "discount_amount": "0.00", "total_amount": "200.00", "payment_method": "online"}}, {"model": "orders.order", "pk": 93, "fields": {"user": 11, "full_name": "Vinu", "email": "aaaa@gmail.com", "address": "Nilgiri , Tamilnadu", "created_at": "2026-03-10T15:03:12.094Z", "updated_at": "2026-03-10T15:03:49.222Z", "paid": false, "coupon_code": "", "discount_amount": "0.00", "total_amount": "200.00", "payment_method": "online"}}, {"model": "orders.order", "pk": 94, "fields": {"user": 11, "full_name": "Vinu", "email": "aaaa@gmail.com", "address": "Nilgiri , Tamilnadu", "created_at": "2026-03-10T15:10:02.262Z", "updated_at": "2026-03-10T15:10:28.087Z", "paid": false, "coupon_code": "", "discount_amount": "0.00", "total_amount": "200.00", "payment_method": "online"}}, {"model": "orders.order", "pk": 95, "fields": {"user": 11, "full_name": "Vinu", "email": "aaaa@gmail.com", "address": "Nilgiri , Tamilnadu", "created_at": "2026-03-10T15:18:41.552Z", "updated_at": "2026-03-10T15:19:34.175Z", "paid": true, "coupon_code": "", "discount_amount": "0.00", "total_amount": "200.00", "payment_method": "online"}}, {"model": "orders.order", "pk": 96, "fields": {"user": 16, "full_name": "Rose", "email": "rose@gmail.com", "address": "thirunelveli, Tamilnadu", "created_at": "2026-03-10T15:50:31.609Z", "updated_at": "2026-03-10T15:52:40.356Z", "paid": true, "coupon_code": "ffzd23", "discount_amount": "1440.00", "total_amount": "5760.00", "payment_method": "online"}}, {"model": "orders.order", "pk": 97, "fields": {"user": 11, "full_name": "Vinu", "email": "aaaa@gmail.com", "address": "Nilgiri , Tamilnadu", "created_at": "2026-03-11T04:44:31.420Z", "updated_at": "2026-03-11T04:55:27.919Z", "paid": true, "coupon_code": "", "discount_amount": "0.00", "total_amount": "170.00", "payment_method": "online"}}, {"model": "orders.order", "pk": 98, "fields": {"user": 18, "full_name": "Sharvapriya Sivanesan", "email": "sharvapriya.s2021@kgkite.ac.in", "address": "fff", "created_at": "2026-03-11T05:14:17.954Z", "updated_at": "2026-03-11T05:14:17.954Z", "paid": false, "coupon_code": "", "discount_amount": "0.00", "total_amount": "3999.00", "payment_method": "online"}}, {"model": "orders.order", "pk": 99, "fields": {"user": 18, "full_name": "chitra", "email": "vvv@gmail.com", "address": "vvv", "created_at": "2026-03-11T05:37:59.128Z", "updated_at": "2026-03-11T06:34:25.139Z", "paid": true, "coupon_code": "", "discount_amount": "0.00", "total_amount": "1999.00", "payment_method": "online"}}, {"model": "orders.order", "pk": 100, "fields": {"user": 17, "full_name": "Sharvapriya Sivanesan", "email": "sharvapriya.s2021@kgkite.ac.in", "address": "nnnn", "created_at": "2026-03-11T05:42:17.021Z", "updated_at": "2026-03-11T05:42:17.021Z", "paid": false, "coupon_code": "", "discount_amount": "0.00", "total_amount": "1999.00", "payment_method": "cod"}}, {"model": "orders.order", "pk": 101, "fields": {"user": 17, "full_name": "vvv", "email": "vvv@gmail.com", "address": "vvv", "created_at": "2026-03-11T06:35:34.796Z", "updated_at": "2026-03-11T06:36:03.741Z", "paid": true, "coupon_code": "", "discount_amount": "0.00", "total_amount": "1999.00", "payment_method": "online"}}, {"model": "orders.order", "pk": 102, "fields": {"user": 17, "full_name": "Sharvapriya Sivanesan", "email": "sharvapriya.s2021@kgkite.ac.in", "address": "mmmmmmmmm", "created_at": "2026-03-11T06:48:47.210Z", "updated_at": "2026-03-11T06:48:47.210Z", "paid": false, "coupon_code": "", "discount_amount": "0.00", "total_amount": "90.00", "payment_method": "online"}}, {"model": "orders.order", "pk": 103, "fields": {"user": 17, "full_name": "ggg", "email": "ggg@gmail.com", "address": "GGgg", "created_at": "2026-03-11T07:23:13.182Z", "updated_at": "2026-03-11T07:24:44.916Z", "paid": true, "coupon_code": "", "discount_amount": "0.00", "total_amount": "10000.00", "payment_method": "online"}}, {"model": "orders.order", "pk": 104, "fields": {"user": 11, "full_name": "Vinu", "email": "aaaa@gmail.com", "address": "Nilgiri , Tamilnadu", "created_at": "2026-03-11T07:30:21.277Z", "updated_at": "2026-03-11T07:31:03.045Z", "paid": true, "coupon_code": "", "discount_amount": "0.00", "total_amount": "3999.00", "payment_method": "online"}}, {"model": "orders.order", "pk": 105, "fields": {"user": 14, "full_name": "Vinu", "email": "aaaa@gmail.com", "address": "Nilgiri , Tamilnadu", "created_at": "2026-03-11T08:48:37.566Z", "updated_at": "2026-03-11T08:48:37.566Z", "paid": false, "coupon_code": "", "discount_amount": "0.00", "total_amount": "3000.00", "payment_method": "online"}}, {"model": "orders.order", "pk": 106, "fields": {"user": 14, "full_name": "Vinu", "email": "aaaa@gmail.com", "address": "Nilgiri , Tamilnadu", "created_at": "2026-03-11T09:00:03.243Z", "updated_at": "2026-03-11T09:00:03.243Z", "paid": false, "coupon_code": "", "discount_amount": "0.00", "total_amount": "3000.00", "payment_method": "online"}}, {"model": "orders.order", "pk": 107, "fields": {"user": 14, "full_name": "sree", "email": "aaaa@gmail.com", "address": "Nilgiri , Tamilnadu", "created_at": "2026-03-11T09:11:22.356Z", "updated_at": "2026-03-11T09:11:22.356Z", "paid": true, "coupon_code": "", "discount_amount": "0.00", "total_amount": "3000.00", "payment_method": "online"}}, {"model": "orders.order", "pk": 108, "fields": {"user": 14, "full_name": "sree", "email": "aaaa@gmail.com", "address": "Nilgiri , Tamilnadu", "created_at": "2026-03-11T09:14:07.994Z", "updated_at": "2026-03-11T09:14:07.994Z", "paid": false, "coupon_code": "", "discount_amount": "0.00", "total_amount": "3999.00", "payment_method": "cod"}}, {"model": "orders.order", "pk": 109, "fields": {"user": 14, "full_name": "sree", "email": "aaaa@gmail.com", "address": "Nilgiri , Tamilnadu", "created_at": "2026-03-11T09:19:21.677Z", "updated_at": "2026-03-11T09:19:21.677Z", "paid": false, "coupon_code": "", "discount_amount": "0.00", "total_amount": "3999.00", "payment_method": "cod"}}, {"model": "orders.orderitem", "pk": 6, "fields": {"order": 6, "product": 4, "price": "10000.00", "quantity": 2}}, {"model": "orders.orderitem", "pk": 7, "fields": {"order": 7, "product": 7, "price": "2000.00", "quantity": 1}}, {"model": "orders.orderitem", "pk": 8, "fields": {"order": 7, "product": 6, "price": "5000.00", "quantity": 1}}, {"model": "orders.orderitem", "pk": 9, "fields": {"order": 7, "product": 2, "price": "65000.00", "quantity": 1}}, {"model": "orders.orderitem", "pk": 10, "fields": {"order": 8, "product": 5, "price": "7000.00", "quantity": 1}}, {"model": "orders.orderitem", "pk": 11, "fields": {"order": 8, "product": 4, "price": "10000.00", "quantity": 1}}, {"model": "orders.orderitem", "pk": 12, "fields": {"order": 11, "product": 1, "price": "50000.00", "quantity": 3}}, {"model": "orders.orderitem", "pk": 13, "fields": {"order": 11, "product": 9, "price": "5000.00", "quantity": 1}}, {"model": "orders.orderitem", "pk": 14, "fields": {"order": 11, "product": 6, "price": "5000.00", "quantity": 1}}, {"model": "orders.orderitem", "pk": 15, "fields": {"order": 12, "product": 2, "price": "65000.00", "quantity": 1}}, {"model": "orders.orderitem", "pk": 16, "fields": {"order": 12, "product": 4, "price": "10000.00", "quantity": 1}}, {"model": "orders.orderitem", "pk": 17, "fields": {"order": 12, "product": 9, "price": "5000.00", "quantity": 1}}, {"model": "orders.orderitem", "pk": 18, "fields": {"order": 12, "product": 1, "price": "50000.00", "quantity": 1}}, {"model": "orders.orderitem", "pk": 19, "fields": {"order": 13, "product": 1, "price": "50000.00", "quantity": 3}}, {"model": "orders.orderitem", "pk": 20, "fields": {"order": 13, "product": 5, "price": "7000.00", "quantity": 1}}, {"model": "orders.orderitem", "pk": 21, "fields": {"order": 14, "product": 5, "price": "7000.00", "quantity": 2}}, {"model": "orders.orderitem", "pk": 22, "fields": {"order": 15, "product": 6, "price": "5000.00", "quantity": 1}}, {"model": "orders.orderitem", "pk": 23, "fields": {"order": 15, "product": 9, "price": "5000.00", "quantity": 2}}, {"model": "orders.orderitem", "pk": 24, "fields": {"order": 15, "product": 2, "price": "65000.00", "quantity": 1}}, {"model": "orders.orderitem", "pk": 25, "fields": {"order": 16, "product": 3, "price": "85000.00", "quantity": 1}}, {"model": "orders.orderitem", "pk": 26, "fields": {"order": 17, "product": 1, "price": "50000.00", "quantity": 1}}, {"model": "orders.orderitem", "pk": 27, "fields": {"order": 18, "product": 1, "price": "50000.00", "quantity": 1}}, {"model": "orders.orderitem", "pk": 28, "fields": {"order": 19, "product": 4, "price": "10000.00", "quantity": 2}}, {"model": "orders.orderitem", "pk": 29, "fields": {"order": 20, "product": 1, "price": "50000.00", "quantity": 2}}, {"model": "orders.orderitem", "pk": 32, "fields": {"order": 23, "product": 9, "price": "5000.00", "quantity": 1}}, {"model": "orders.orderitem", "pk": 33, "fields": {"order": 24, "product": 9, "price": "5000.00", "quantity": 2}}, {"model": "orders.orderitem", "pk": 34, "fields": {"order": 25, "product": 1, "price": "50000.00", "quantity": 2}}, {"model": "orders.orderitem", "pk": 35, "fields": {"order": 26, "product": 9, "price": "5000.00", "quantity": 1}}, {"model": "orders.orderitem", "pk": 36, "fields": {"order": 27, "product": 11, "price": "2500.00", "quantity": 1}}, {"model": "orders.orderitem", "pk": 37, "fields": {"order": 28, "product": 10, "price": "750.00", "quantity": 1}}, {"model": "orders.orderitem", "pk": 38, "fields": {"order": 29, "product": 15, "price": "30000.00", "quantity": 1}}, {"model": "orders.orderitem", "pk": 39, "fields": {"order": 30, "product": 13, "price": "1999.00", "quantity": 2}}, {"model": "orders.orderitem", "pk": 40, "fields": {"order": 31, "product": 13, "price": "1999.00", "quantity": 1}}, {"model": "orders.orderitem", "pk": 41, "fields": {"order": 32, "product": 12, "price": "75000.00", "quantity": 1}}, {"model": "orders.orderitem", "pk": 42, "fields": {"order": 33, "product": 1, "price": "50000.00", "quantity": 1}}, {"model": "orders.orderitem", "pk": 43, "fields": {"order": 34, "product": 11, "price": "2500.00", "quantity": 1}}, {"model": "orders.orderitem", "pk": 44, "fields": {"order": 34, "product": 1, "price": "50000.00", "quantity": 1}}, {"model": "orders.orderitem", "pk": 45, "fields": {"order": 34, "product": 12, "price": "75000.00", "quantity": 1}}, {"model": "orders.orderitem", "pk": 46, "fields": {"order": 35, "product": 13, "price": "1999.00", "quantity": 1}}, {"model": "orders.orderitem", "pk": 47, "fields": {"order": 35, "product": 12, "price": "75000.00", "quantity": 3}}, {"model": "orders.orderitem", "pk": 48, "fields": {"order": 36, "product": 7, "price": "2000.00", "quantity": 1}}, {"model": "orders.orderitem", "pk": 49, "fields": {"order": 37, "product": 16, "price": "500.00", "quantity": 1}}, {"model": "orders.orderitem", "pk": 50, "fields": {"order": 38, "product": 16, "price": "500.00", "quantity": 5}}, {"model": "orders.orderitem", "pk": 51, "fields": {"order": 39, "product": 12, "price": "75000.00", "quantity": 3}}, {"model": "orders.orderitem", "pk": 52, "fields": {"order": 40, "product": 16, "price": "500.00", "quantity": 1}}, {"model": "orders.orderitem", "pk": 53, "fields": {"order": 41, "product": 13, "price": "1999.00", "quantity": 1}}, {"model": "orders.orderitem", "pk": 54, "fields": {"order": 41, "product": 2, "price": "65000.00", "quantity": 1}}, {"model": "orders.orderitem", "pk": 55, "fields": {"order": 42, "product": 46, "price": "3999.00", "quantity": 1}}, {"model": "orders.orderitem", "pk": 56, "fields": {"order": 42, "product": 37, "price": "799.00", "quantity": 1}}, {"model": "orders.orderitem", "pk": 57, "fields": {"order": 42, "product": 34, "price": "1999.00", "quantity": 1}}, {"model": "orders.orderitem", "pk": 58, "fields": {"order": 42, "product": 31, "price": "1999.00", "quantity": 1}}, {"model": "orders.orderitem", "pk": 59, "fields": {"order": 42, "product": 28, "price": "200.00", "quantity": 1}}, {"model": "orders.orderitem", "pk": 60, "fields": {"order": 42, "product": 23, "price": "10.00", "quantity": 2}}, {"model": "orders.orderitem", "pk": 61, "fields": {"order": 43, "product": 24, "price": "30.00", "quantity": 3}}, {"model": "orders.orderitem", "pk": 62, "fields": {"order": 43, "product": 13, "price": "1999.00", "quantity": 1}}, {"model": "orders.orderitem", "pk": 63, "fields": {"order": 43, "product": 6, "price": "1000.00", "quantity": 1}}, {"model": "orders.orderitem", "pk": 64, "fields": {"order": 44, "product": 18, "price": "280.00", "quantity": 1}}, {"model": "orders.orderitem", "pk": 65, "fields": {"order": 44, "product": 17, "price": "10000.00", "quantity": 1}}, {"model": "orders.orderitem", "pk": 66, "fields": {"order": 44, "product": 16, "price": "500.00", "quantity": 1}}, {"model": "orders.orderitem", "pk": 67, "fields": {"order": 44, "product": 43, "price": "3999.00", "quantity": 1}}, {"model": "orders.orderitem", "pk": 68, "fields": {"order": 44, "product": 7, "price": "250.00", "quantity": 1}}, {"model": "orders.orderitem", "pk": 69, "fields": {"order": 45, "product": 42, "price": "2999.00", "quantity": 1}}, {"model": "orders.orderitem", "pk": 70, "fields": {"order": 45, "product": 34, "price": "1999.00", "quantity": 1}}, {"model": "orders.orderitem", "pk": 71, "fields": {"order": 45, "product": 25, "price": "50.00", "quantity": 1}}, {"model": "orders.orderitem", "pk": 72, "fields": {"order": 46, "product": 6, "price": "1000.00", "quantity": 1}}, {"model": "orders.orderitem", "pk": 73, "fields": {"order": 47, "product": 49, "price": "8000.00", "quantity": 1}}, {"model": "orders.orderitem", "pk": 74, "fields": {"order": 48, "product": 49, "price": "8000.00", "quantity": 1}}, {"model": "orders.orderitem", "pk": 75, "fields": {"order": 49, "product": 49, "price": "8000.00", "quantity": 1}}, {"model": "orders.orderitem", "pk": 76, "fields": {"order": 50, "product": 50, "price": "10000.00", "quantity": 1}}, {"model": "orders.orderitem", "pk": 77, "fields": {"order": 50, "product": 33, "price": "1999.00", "quantity": 1}}, {"model": "orders.orderitem", "pk": 78, "fields": {"order": 51, "product": 50, "price": "10000.00", "quantity": 1}}, {"model": "orders.orderitem", "pk": 79, "fields": {"order": 52, "product": 50, "price": "10000.00", "quantity": 2}}, {"model": "orders.orderitem", "pk": 80, "fields": {"order": 53, "product": 47, "price": "2999.00", "quantity": 1}}, {"model": "orders.orderitem", "pk": 81, "fields": {"order": 54, "product": 47, "price": "2999.00", "quantity": 1}}, {"model": "orders.orderitem", "pk": 82, "fields": {"order": 55, "product": 50, "price": "10000.00", "quantity": 1}}, {"model": "orders.orderitem", "pk": 83, "fields": {"order": 55, "product": 28, "price": "200.00", "quantity": 1}}, {"model": "orders.orderitem", "pk": 84, "fields": {"order": 56, "product": 34, "price": "1999.00", "quantity": 1}}, {"model": "orders.orderitem", "pk": 85, "fields": {"order": 57, "product": 34, "price": "1999.00", "quantity": 1}}, {"model": "orders.orderitem", "pk": 86, "fields": {"order": 57, "product": 45, "price": "3999.00", "quantity": 1}}, {"model": "orders.orderitem", "pk": 87, "fields": {"order": 58, "product": 46, "price": "3000.00", "quantity": 1}}, {"model": "orders.orderitem", "pk": 88, "fields": {"order": 59, "product": 51, "price": "90.00", "quantity": 1}}, {"model": "orders.orderitem", "pk": 89, "fields": {"order": 60, "product": 37, "price": "799.00", "quantity": 1}}, {"model": "orders.orderitem", "pk": 90, "fields": {"order": 61, "product": 45, "price": "3999.00", "quantity": 1}}, {"model": "orders.orderitem", "pk": 91, "fields": {"order": 62, "product": 38, "price": "499.00", "quantity": 1}}, {"model": "orders.orderitem", "pk": 92, "fields": {"order": 63, "product": 27, "price": "300.00", "quantity": 1}}, {"model": "orders.orderitem", "pk": 93, "fields": {"order": 64, "product": 43, "price": "3999.00", "quantity": 1}}, {"model": "orders.orderitem", "pk": 94, "fields": {"order": 65, "product": 7, "price": "250.00", "quantity": 1}}, {"model": "orders.orderitem", "pk": 95, "fields": {"order": 66, "product": 51, "price": "90.00", "quantity": 1}}, {"model": "orders.orderitem", "pk": 96, "fields": {"order": 66, "product": 47, "price": "2999.00", "quantity": 1}}, {"model": "orders.orderitem", "pk": 97, "fields": {"order": 66, "product": 46, "price": "3000.00", "quantity": 1}}, {"model": "orders.orderitem", "pk": 98, "fields": {"order": 66, "product": 44, "price": "3999.00", "quantity": 1}}, {"model": "orders.orderitem", "pk": 99, "fields": {"order": 66, "product": 39, "price": "499.00", "quantity": 1}}, {"model": "orders.orderitem", "pk": 100, "fields": {"order": 66, "product": 34, "price": "1999.00", "quantity": 1}}, {"model": "orders.orderitem", "pk": 101, "fields": {"order": 66, "product": 31, "price": "1999.00", "quantity": 1}}, {"model": "orders.orderitem", "pk": 102, "fields": {"order": 66, "product": 27, "price": "300.00", "quantity": 1}}, {"model": "orders.orderitem", "pk": 103, "fields": {"order": 66, "product": 25, "price": "50.00", "quantity": 1}}, {"model": "orders.orderitem", "pk": 104, "fields": {"order": 66, "product": 19, "price": "150.00", "quantity": 1}}, {"model": "orders.orderitem", "pk": 105, "fields": {"order": 66, "product": 16, "price": "500.00", "quantity": 1}}, {"model": "orders.orderitem", "pk": 106, "fields": {"order": 66, "product": 9, "price": "5000.00", "quantity": 1}}, {"model": "orders.orderitem", "pk": 107, "fields": {"order": 67, "product": 29, "price": "1000.00", "quantity": 1}}, {"model": "orders.orderitem", "pk": 108, "fields": {"order": 68, "product": 13, "price": "1500.00", "quantity": 1}}, {"model": "orders.orderitem", "pk": 109, "fields": {"order": 68, "product": 2, "price": "65000.00", "quantity": 1}}, {"model": "orders.orderitem", "pk": 110, "fields": {"order": 69, "product": 49, "price": "7200.00", "quantity": 1}}, {"model": "orders.orderitem", "pk": 111, "fields": {"order": 70, "product": 51, "price": "90.00", "quantity": 1}}, {"model": "orders.orderitem", "pk": 112, "fields": {"order": 71, "product": 51, "price": "90.00", "quantity": 1}}, {"model": "orders.orderitem", "pk": 113, "fields": {"order": 72, "product": 51, "price": "90.00", "quantity": 1}}, {"model": "orders.orderitem", "pk": 114, "fields": {"order": 73, "product": 51, "price": "90.00", "quantity": 1}}, {"model": "orders.orderitem", "pk": 115, "fields": {"order": 74, "product": 51, "price": "90.00", "quantity": 1}}, {"model": "orders.orderitem", "pk": 116, "fields": {"order": 75, "product": 51, "price": "90.00", "quantity": 1}}, {"model": "orders.orderitem", "pk": 117, "fields": {"order": 76, "product": 51, "price": "90.00", "quantity": 1}}, {"model": "orders.orderitem", "pk": 118, "fields": {"order": 77, "product": 51, "price": "90.00", "quantity": 1}}, {"model": "orders.orderitem", "pk": 119, "fields": {"order": 78, "product": 51, "price": "90.00", "quantity": 1}}, {"model": "orders.orderitem", "pk": 120, "fields": {"order": 79, "product": 51, "price": "90.00", "quantity": 1}}, {"model": "orders.orderitem", "pk": 121, "fields": {"order": 80, "product": 51, "price": "90.00", "quantity": 1}}, {"model": "orders.orderitem", "pk": 122, "fields": {"order": 81, "product": 51, "price": "90.00", "quantity": 1}}, {"model": "orders.orderitem", "pk": 123, "fields": {"order": 82, "product": 51, "price": "90.00", "quantity": 1}}, {"model": "orders.orderitem", "pk": 124, "fields": {"order": 83, "product": 51, "price": "90.00", "quantity": 1}}, {"model": "orders.orderitem", "pk": 125, "fields": {"order": 84, "product": 52, "price": "1.00", "quantity": 1}}, {"model": "orders.orderitem", "pk": 126, "fields": {"order": 85, "product": 17, "price": "10000.00", "quantity": 1}}, {"model": "orders.orderitem", "pk": 127, "fields": {"order": 86, "product": 17, "price": "10000.00", "quantity": 1}}, {"model": "orders.orderitem", "pk": 128, "fields": {"order": 87, "product": 17, "price": "10000.00", "quantity": 1}}, {"model": "orders.orderitem", "pk": 129, "fields": {"order": 88, "product": 17, "price": "10000.00", "quantity": 1}}, {"model": "orders.orderitem", "pk": 130, "fields": {"order": 89, "product": 3, "price": "85000.00", "quantity": 1}}, {"model": "orders.orderitem", "pk": 131, "fields": {"order": 90, "product": 28, "price": "200.00", "quantity": 1}}, {"model": "orders.orderitem", "pk": 132, "fields": {"order": 91, "product": 28, "price": "200.00", "quantity": 1}}, {"model": "orders.orderitem", "pk": 133, "fields": {"order": 92, "product": 28, "price": "200.00", "quantity": 1}}, {"model": "orders.orderitem", "pk": 134, "fields": {"order": 93, "product": 28, "price": "200.00", "quantity": 1}}, {"model": "orders.orderitem", "pk": 135, "fields": {"order": 94, "product": 28, "price": "200.00", "quantity": 1}}, {"model": "orders.orderitem", "pk": 136, "fields": {"order": 95, "product": 28, "price": "200.00", "quantity": 1}}, {"model": "orders.orderitem", "pk": 137, "fields": {"order": 96, "product": 49, "price": "7200.00", "quantity": 1}}, {"model": "orders.orderitem", "pk": 138, "fields": {"order": 97, "product": 22, "price": "170.00", "quantity": 1}}, {"model": "orders.orderitem", "pk": 139, "fields": {"order": 98, "product": 45, "price": "3999.00", "quantity": 1}}, {"model": "orders.orderitem", "pk": 140, "fields": {"order": 99, "product": 33, "price": "1999.00", "quantity": 1}}, {"model": "orders.orderitem", "pk": 141, "fields": {"order": 100, "product": 32, "price": "1999.00", "quantity": 1}}, {"model": "orders.orderitem", "pk": 142, "fields": {"order": 101, "product": 41, "price": "1999.00", "quantity": 1}}, {"model": "orders.orderitem", "pk": 143, "fields": {"order": 102, "product": 51, "price": "90.00", "quantity": 1}}, {"model": "orders.orderitem", "pk": 144, "fields": {"order": 103, "product": 50, "price": "10000.00", "quantity": 1}}, {"model": "orders.orderitem", "pk": 145, "fields": {"order": 104, "product": 43, "price": "3999.00", "quantity": 1}}, {"model": "orders.orderitem", "pk": 146, "fields": {"order": 105, "product": 46, "price": "3000.00", "quantity": 1}}, {"model": "orders.orderitem", "pk": 147, "fields": {"order": 106, "product": 46, "price": "3000.00", "quantity": 1}}, {"model": "orders.orderitem", "pk": 148, "fields": {"order": 107, "product": 46, "price": "3000.00", "quantity": 1}}, {"model": "orders.orderitem", "pk": 149, "fields": {"order": 108, "product": 45, "price": "3999.00", "quantity": 1}}, {"model": "orders.orderitem", "pk": 150, "fields": {"order": 109, "product": 45, "price": "3999.00", "quantity": 1}}, {"model": "orders.paymenttransaction", "pk": 1, "fields": {"order": 56, "user": 21, "payment_method": "online", "gateway": "razorpay", "status": "initiated", "amount": "1999.00", "currency": "INR", "gateway_order_id": "", "gateway_payment_id": "", "gateway_signature": "", "failure_reason": "", "raw_response": {"source": "razorpay_placeholder", "result": "initiated"}, "created_at": "2026-03-06T13:02:38.731Z", "updated_at": "2026-03-06T13:02:38.731Z"}}, {"model": "orders.paymenttransaction", "pk": 2, "fields": {"order": 57, "user": 21, "payment_method": "cod", "gateway": "cod", "status": "success", "amount": "5998.00", "currency": "INR", "gateway_order_id": "", "gateway_payment_id": "COD-57", "gateway_signature": "", "failure_reason": "", "raw_response": {"source": "delivery_module", "result": "collected"}, "created_at": "2026-03-06T16:25:52.690Z", "updated_at": "2026-03-06T16:35:33.857Z"}}, {"model": "orders.paymenttransaction", "pk": 3, "fields": {"order": 58, "user": 11, "payment_method": "cod", "gateway": "cod", "status": "initiated", "amount": "3000.00", "currency": "INR", "gateway_order_id": "", "gateway_payment_id": "COD-58", "gateway_signature": "", "failure_reason": "", "raw_response": {"source": "cod_checkout", "result": "pending_collection"}, "created_at": "2026-03-07T05:17:43.459Z", "updated_at": "2026-03-07T05:17:43.459Z"}}, {"model": "orders.paymenttransaction", "pk": 4, "fields": {"order": 59, "user": 11, "payment_method": "online", "gateway": "razorpay", "status": "initiated", "amount": "90.00", "currency": "INR", "gateway_order_id": "", "gateway_payment_id": "", "gateway_signature": "", "failure_reason": "", "raw_response": {"source": "razorpay_placeholder", "result": "initiated"}, "created_at": "2026-03-07T05:18:20.606Z", "updated_at": "2026-03-07T05:18:20.606Z"}}, {"model": "orders.paymenttransaction", "pk": 5, "fields": {"order": 60, "user": 11, "payment_method": "online", "gateway": "razorpay", "status": "initiated", "amount": "799.00", "currency": "INR", "gateway_order_id": "", "gateway_payment_id": "", "gateway_signature": "", "failure_reason": "", "raw_response": {"source": "razorpay_placeholder", "result": "initiated"}, "created_at": "2026-03-07T06:59:50.859Z", "updated_at": "2026-03-07T06:59:50.859Z"}}, {"model": "orders.paymenttransaction", "pk": 6, "fields": {"order": 61, "user": 16, "payment_method": "cod", "gateway": "cod", "status": "initiated", "amount": "3999.00", "currency": "INR", "gateway_order_id": "", "gateway_payment_id": "COD-61", "gateway_signature": "", "failure_reason": "", "raw_response": {"source": "cod_checkout", "result": "pending_collection"}, "created_at": "2026-03-07T07:04:50.469Z", "updated_at": "2026-03-07T07:04:50.469Z"}}, {"model": "orders.paymenttransaction", "pk": 7, "fields": {"order": 62, "user": 20, "payment_method": "online", "gateway": "razorpay", "status": "initiated", "amount": "499.00", "currency": "INR", "gateway_order_id": "", "gateway_payment_id": "", "gateway_signature": "", "failure_reason": "", "raw_response": {"source": "razorpay_placeholder", "result": "initiated"}, "created_at": "2026-03-09T06:15:59.257Z", "updated_at": "2026-03-09T06:15:59.257Z"}}, {"model": "orders.paymenttransaction", "pk": 8, "fields": {"order": 63, "user": 11, "payment_method": "cod", "gateway": "cod", "status": "initiated", "amount": "300.00", "currency": "INR", "gateway_order_id": "", "gateway_payment_id": "COD-63", "gateway_signature": "", "failure_reason": "", "raw_response": {"source": "cod_checkout", "result": "pending_collection"}, "created_at": "2026-03-09T10:16:50.327Z", "updated_at": "2026-03-09T10:16:50.327Z"}}, {"model": "orders.paymenttransaction", "pk": 9, "fields": {"order": 64, "user": 11, "payment_method": "cod", "gateway": "cod", "status": "initiated", "amount": "3999.00", "currency": "INR", "gateway_order_id": "", "gateway_payment_id": "COD-64", "gateway_signature": "", "failure_reason": "", "raw_response": {"source": "cod_checkout", "result": "pending_collection"}, "created_at": "2026-03-09T10:53:07.430Z", "updated_at": "2026-03-09T10:53:07.430Z"}}, {"model": "orders.paymenttransaction", "pk": 10, "fields": {"order": 65, "user": 8, "payment_method": "cod", "gateway": "cod", "status": "initiated", "amount": "250.00", "currency": "INR", "gateway_order_id": "", "gateway_payment_id": "COD-65", "gateway_signature": "", "failure_reason": "", "raw_response": {"source": "cod_checkout", "result": "pending_collection"}, "created_at": "2026-03-09T10:57:04.842Z", "updated_at": "2026-03-09T10:57:04.842Z"}}, {"model": "orders.paymenttransaction", "pk": 11, "fields": {"order": 66, "user": 11, "payment_method": "cod", "gateway": "cod", "status": "initiated", "amount": "16468.00", "currency": "INR", "gateway_order_id": "", "gateway_payment_id": "COD-66", "gateway_signature": "", "failure_reason": "", "raw_response": {"source": "cod_checkout", "result": "pending_collection"}, "created_at": "2026-03-10T02:30:20.172Z", "updated_at": "2026-03-10T02:30:20.172Z"}}, {"model": "orders.paymenttransaction", "pk": 12, "fields": {"order": 67, "user": 11, "payment_method": "cod", "gateway": "cod", "status": "initiated", "amount": "1000.00", "currency": "INR", "gateway_order_id": "", "gateway_payment_id": "COD-67", "gateway_signature": "", "failure_reason": "", "raw_response": {"source": "cod_checkout", "result": "pending_collection"}, "created_at": "2026-03-10T06:29:16.132Z", "updated_at": "2026-03-10T06:29:16.132Z"}}, {"model": "orders.paymenttransaction", "pk": 13, "fields": {"order": 68, "user": 11, "payment_method": "cod", "gateway": "cod", "status": "initiated", "amount": "66500.00", "currency": "INR", "gateway_order_id": "", "gateway_payment_id": "COD-68", "gateway_signature": "", "failure_reason": "", "raw_response": {"source": "cod_checkout", "result": "pending_collection"}, "created_at": "2026-03-10T07:11:13.944Z", "updated_at": "2026-03-10T07:11:13.944Z"}}, {"model": "orders.paymenttransaction", "pk": 14, "fields": {"order": 69, "user": 11, "payment_method": "cod", "gateway": "cod", "status": "initiated", "amount": "7200.00", "currency": "INR", "gateway_order_id": "", "gateway_payment_id": "COD-69", "gateway_signature": "", "failure_reason": "", "raw_response": {"source": "cod_checkout", "result": "pending_collection"}, "created_at": "2026-03-10T07:17:04.007Z", "updated_at": "2026-03-10T07:17:04.007Z"}}, {"model": "orders.paymenttransaction", "pk": 15, "fields": {"order": 70, "user": 11, "payment_method": "online", "gateway": "razorpay", "status": "initiated", "amount": "90.00", "currency": "INR", "gateway_order_id": "", "gateway_payment_id": "", "gateway_signature": "", "failure_reason": "", "raw_response": {"source": "razorpay_placeholder", "result": "initiated"}, "created_at": "2026-03-10T10:55:30.512Z", "updated_at": "2026-03-10T10:55:30.512Z"}}, {"model": "orders.paymenttransaction", "pk": 16, "fields": {"order": 71, "user": 11, "payment_method": "online", "gateway": "razorpay", "status": "initiated", "amount": "90.00", "currency": "INR", "gateway_order_id": "", "gateway_payment_id": "", "gateway_signature": "", "failure_reason": "", "raw_response": {"source": "razorpay_placeholder", "result": "initiated"}, "created_at": "2026-03-10T10:55:33.100Z", "updated_at": "2026-03-10T10:55:33.100Z"}}, {"model": "orders.paymenttransaction", "pk": 17, "fields": {"order": 72, "user": 11, "payment_method": "online", "gateway": "razorpay", "status": "initiated", "amount": "90.00", "currency": "INR", "gateway_order_id": "", "gateway_payment_id": "", "gateway_signature": "", "failure_reason": "", "raw_response": {"source": "razorpay_placeholder", "result": "initiated"}, "created_at": "2026-03-10T10:55:38.117Z", "updated_at": "2026-03-10T10:55:38.117Z"}}, {"model": "orders.paymenttransaction", "pk": 18, "fields": {"order": 73, "user": 11, "payment_method": "online", "gateway": "razorpay", "status": "initiated", "amount": "90.00", "currency": "INR", "gateway_order_id": "", "gateway_payment_id": "", "gateway_signature": "", "failure_reason": "", "raw_response": {"source": "razorpay_placeholder", "result": "initiated"}, "created_at": "2026-03-10T10:55:39.407Z", "updated_at": "2026-03-10T10:55:39.407Z"}}, {"model": "orders.paymenttransaction", "pk": 19, "fields": {"order": 74, "user": 11, "payment_method": "online", "gateway": "razorpay", "status": "initiated", "amount": "90.00", "currency": "INR", "gateway_order_id": "", "gateway_payment_id": "", "gateway_signature": "", "failure_reason": "", "raw_response": {"source": "razorpay_placeholder", "result": "initiated"}, "created_at": "2026-03-10T10:55:40.246Z", "updated_at": "2026-03-10T10:55:40.246Z"}}, {"model": "orders.paymenttransaction", "pk": 20, "fields": {"order": 75, "user": 11, "payment_method": "online", "gateway": "razorpay", "status": "initiated", "amount": "90.00", "currency": "INR", "gateway_order_id": "", "gateway_payment_id": "", "gateway_signature": "", "failure_reason": "", "raw_response": {"source": "razorpay_placeholder", "result": "initiated"}, "created_at": "2026-03-10T10:55:43.996Z", "updated_at": "2026-03-10T10:55:43.996Z"}}, {"model": "orders.paymenttransaction", "pk": 21, "fields": {"order": 76, "user": 11, "payment_method": "online", "gateway": "razorpay", "status": "initiated", "amount": "90.00", "currency": "INR", "gateway_order_id": "", "gateway_payment_id": "", "gateway_signature": "", "failure_reason": "", "raw_response": {"source": "razorpay_placeholder", "result": "initiated"}, "created_at": "2026-03-10T10:55:44.488Z", "updated_at": "2026-03-10T10:55:44.488Z"}}, {"model": "orders.paymenttransaction", "pk": 22, "fields": {"order": 77, "user": 11, "payment_method": "online", "gateway": "razorpay", "status": "initiated", "amount": "90.00", "currency": "INR", "gateway_order_id": "", "gateway_payment_id": "", "gateway_signature": "", "failure_reason": "", "raw_response": {"source": "razorpay_placeholder", "result": "initiated"}, "created_at": "2026-03-10T10:55:44.840Z", "updated_at": "2026-03-10T10:55:44.840Z"}}, {"model": "orders.paymenttransaction", "pk": 23, "fields": {"order": 78, "user": 11, "payment_method": "online", "gateway": "razorpay", "status": "initiated", "amount": "90.00", "currency": "INR", "gateway_order_id": "", "gateway_payment_id": "", "gateway_signature": "", "failure_reason": "", "raw_response": {"source": "razorpay_placeholder", "result": "initiated"}, "created_at": "2026-03-10T10:59:00.123Z", "updated_at": "2026-03-10T10:59:00.123Z"}}, {"model": "orders.paymenttransaction", "pk": 24, "fields": {"order": 79, "user": 11, "payment_method": "online", "gateway": "razorpay", "status": "initiated", "amount": "90.00", "currency": "INR", "gateway_order_id": "", "gateway_payment_id": "", "gateway_signature": "", "failure_reason": "", "raw_response": {"source": "razorpay_placeholder", "result": "initiated"}, "created_at": "2026-03-10T10:59:03.009Z", "updated_at": "2026-03-10T10:59:03.009Z"}}, {"model": "orders.paymenttransaction", "pk": 25, "fields": {"order": 80, "user": 11, "payment_method": "online", "gateway": "razorpay", "status": "initiated", "amount": "90.00", "currency": "INR", "gateway_order_id": "", "gateway_payment_id": "", "gateway_signature": "", "failure_reason": "", "raw_response": {"source": "razorpay_placeholder", "result": "initiated"}, "created_at": "2026-03-10T10:59:04.642Z", "updated_at": "2026-03-10T10:59:04.642Z"}}, {"model": "orders.paymenttransaction", "pk": 26, "fields": {"order": 81, "user": 11, "payment_method": "online", "gateway": "razorpay", "status": "initiated", "amount": "90.00", "currency": "INR", "gateway_order_id": "", "gateway_payment_id": "", "gateway_signature": "", "failure_reason": "", "raw_response": {"source": "razorpay_placeholder", "result": "initiated"}, "created_at": "2026-03-10T10:59:36.088Z", "updated_at": "2026-03-10T10:59:36.088Z"}}, {"model": "orders.paymenttransaction", "pk": 27, "fields": {"order": 82, "user": 11, "payment_method": "online", "gateway": "razorpay", "status": "initiated", "amount": "90.00", "currency": "INR", "gateway_order_id": "", "gateway_payment_id": "", "gateway_signature": "", "failure_reason": "", "raw_response": {"source": "razorpay_placeholder", "result": "initiated"}, "created_at": "2026-03-10T10:59:37.826Z", "updated_at": "2026-03-10T10:59:37.826Z"}}, {"model": "orders.paymenttransaction", "pk": 28, "fields": {"order": 83, "user": 11, "payment_method": "online", "gateway": "razorpay", "status": "initiated", "amount": "90.00", "currency": "INR", "gateway_order_id": "", "gateway_payment_id": "", "gateway_signature": "", "failure_reason": "", "raw_response": {"source": "razorpay_placeholder", "result": "initiated"}, "created_at": "2026-03-10T11:01:30.321Z", "updated_at": "2026-03-10T11:01:30.321Z"}}, {"model": "orders.paymenttransaction", "pk": 29, "fields": {"order": 84, "user": 16, "payment_method": "online", "gateway": "razorpay", "status": "initiated", "amount": "1.00", "currency": "INR", "gateway_order_id": "", "gateway_payment_id": "", "gateway_signature": "", "failure_reason": "", "raw_response": {"source": "razorpay_placeholder", "result": "initiated"}, "created_at": "2026-03-10T11:13:21.943Z", "updated_at": "2026-03-10T11:13:21.943Z"}}, {"model": "orders.paymenttransaction", "pk": 30, "fields": {"order": 85, "user": 11, "payment_method": "online", "gateway": "razorpay", "status": "initiated", "amount": "10000.00", "currency": "INR", "gateway_order_id": "", "gateway_payment_id": "", "gateway_signature": "", "failure_reason": "", "raw_response": {"source": "razorpay_placeholder", "result": "initiated"}, "created_at": "2026-03-10T13:41:55.202Z", "updated_at": "2026-03-10T13:41:55.202Z"}}, {"model": "orders.paymenttransaction", "pk": 31, "fields": {"order": 86, "user": 11, "payment_method": "online", "gateway": "razorpay", "status": "initiated", "amount": "10000.00", "currency": "INR", "gateway_order_id": "", "gateway_payment_id": "", "gateway_signature": "", "failure_reason": "", "raw_response": {"source": "razorpay_placeholder", "result": "initiated"}, "created_at": "2026-03-10T13:43:25.871Z", "updated_at": "2026-03-10T13:43:25.871Z"}}, {"model": "orders.paymenttransaction", "pk": 32, "fields": {"order": 87, "user": 11, "payment_method": "cod", "gateway": "cod", "status": "initiated", "amount": "10000.00", "currency": "INR", "gateway_order_id": "", "gateway_payment_id": "COD-87", "gateway_signature": "", "failure_reason": "", "raw_response": {"source": "cod_checkout", "result": "pending_collection"}, "created_at": "2026-03-10T13:57:26.588Z", "updated_at": "2026-03-10T13:57:26.588Z"}}, {"model": "orders.paymenttransaction", "pk": 33, "fields": {"order": 88, "user": 11, "payment_method": "cod", "gateway": "cod", "status": "initiated", "amount": "10000.00", "currency": "INR", "gateway_order_id": "", "gateway_payment_id": "COD-88", "gateway_signature": "", "failure_reason": "", "raw_response": {"source": "cod_checkout", "result": "pending_collection"}, "created_at": "2026-03-10T13:59:11.687Z", "updated_at": "2026-03-10T13:59:11.687Z"}}, {"model": "orders.paymenttransaction", "pk": 34, "fields": {"order": 89, "user": 11, "payment_method": "online", "gateway": "razorpay", "status": "initiated", "amount": "85000.00", "currency": "INR", "gateway_order_id": "", "gateway_payment_id": "", "gateway_signature": "", "failure_reason": "", "raw_response": {"source": "razorpay_placeholder", "result": "initiated"}, "created_at": "2026-03-10T14:00:53.121Z", "updated_at": "2026-03-10T14:00:53.121Z"}}, {"model": "orders.paymenttransaction", "pk": 35, "fields": {"order": 90, "user": 11, "payment_method": "online", "gateway": "razorpay", "status": "initiated", "amount": "200.00", "currency": "INR", "gateway_order_id": "", "gateway_payment_id": "", "gateway_signature": "", "failure_reason": "", "raw_response": {"source": "razorpay_placeholder", "result": "initiated"}, "created_at": "2026-03-10T14:27:21.466Z", "updated_at": "2026-03-10T14:27:21.466Z"}}, {"model": "orders.paymenttransaction", "pk": 36, "fields": {"order": 91, "user": 11, "payment_method": "online", "gateway": "razorpay", "status": "initiated", "amount": "200.00", "currency": "INR", "gateway_order_id": "", "gateway_payment_id": "", "gateway_signature": "", "failure_reason": "", "raw_response": {"source": "razorpay_placeholder", "result": "initiated"}, "created_at": "2026-03-10T14:34:37.706Z", "updated_at": "2026-03-10T14:34:37.706Z"}}, {"model": "orders.paymenttransaction", "pk": 37, "fields": {"order": 92, "user": 11, "payment_method": "online", "gateway": "razorpay", "status": "initiated", "amount": "200.00", "currency": "INR", "gateway_order_id": "", "gateway_payment_id": "", "gateway_signature": "", "failure_reason": "", "raw_response": {"source": "razorpay_placeholder", "result": "initiated"}, "created_at": "2026-03-10T14:53:49.817Z", "updated_at": "2026-03-10T14:53:49.817Z"}}, {"model": "orders.paymenttransaction", "pk": 38, "fields": {"order": 93, "user": 11, "payment_method": "online", "gateway": "razorpay", "status": "initiated", "amount": "200.00", "currency": "INR", "gateway_order_id": "", "gateway_payment_id": "", "gateway_signature": "", "failure_reason": "", "raw_response": {"source": "razorpay_placeholder", "result": "initiated"}, "created_at": "2026-03-10T15:03:12.121Z", "updated_at": "2026-03-10T15:03:12.121Z"}}, {"model": "orders.paymenttransaction", "pk": 39, "fields": {"order": 94, "user": 11, "payment_method": "online", "gateway": "razorpay", "status": "initiated", "amount": "200.00", "currency": "INR", "gateway_order_id": "", "gateway_payment_id": "", "gateway_signature": "", "failure_reason": "", "raw_response": {"source": "razorpay_placeholder", "result": "initiated"}, "created_at": "2026-03-10T15:10:02.292Z", "updated_at": "2026-03-10T15:10:02.292Z"}}, {"model": "orders.paymenttransaction", "pk": 40, "fields": {"order": 95, "user": 11, "payment_method": "online", "gateway": "razorpay", "status": "initiated", "amount": "200.00", "currency": "INR", "gateway_order_id": "", "gateway_payment_id": "", "gateway_signature": "", "failure_reason": "", "raw_response": {"source": "razorpay_placeholder", "result": "initiated"}, "created_at": "2026-03-10T15:18:41.590Z", "updated_at": "2026-03-10T15:18:41.590Z"}}, {"model": "orders.paymenttransaction", "pk": 41, "fields": {"order": 96, "user": 16, "payment_method": "online", "gateway": "razorpay", "status": "initiated", "amount": "5760.00", "currency": "INR", "gateway_order_id": "", "gateway_payment_id": "", "gateway_signature": "", "failure_reason": "", "raw_response": {"source": "razorpay_placeholder", "result": "initiated"}, "created_at": "2026-03-10T15:50:31.654Z", "updated_at": "2026-03-10T15:50:31.654Z"}}, {"model": "orders.paymenttransaction", "pk": 42, "fields": {"order": 97, "user": 11, "payment_method": "online", "gateway": "razorpay", "status": "initiated", "amount": "170.00", "currency": "INR", "gateway_order_id": "", "gateway_payment_id": "", "gateway_signature": "", "failure_reason": "", "raw_response": {"source": "razorpay_placeholder", "result": "initiated"}, "created_at": "2026-03-11T04:44:31.461Z", "updated_at": "2026-03-11T04:44:31.461Z"}}, {"model": "orders.paymenttransaction", "pk": 43, "fields": {"order": 98, "user": 18, "payment_method": "online", "gateway": "razorpay", "status": "initiated", "amount": "3999.00", "currency": "INR", "gateway_order_id": "", "gateway_payment_id": "", "gateway_signature": "", "failure_reason": "", "raw_response": {"source": "razorpay_placeholder", "result": "initiated"}, "created_at": "2026-03-11T05:14:17.971Z", "updated_at": "2026-03-11T05:14:17.971Z"}}, {"model": "orders.paymenttransaction", "pk": 44, "fields": {"order": 99, "user": 18, "payment_method": "online", "gateway": "razorpay", "status": "initiated", "amount": "1999.00", "currency": "INR", "gateway_order_id": "", "gateway_payment_id": "", "gateway_signature": "", "failure_reason": "", "raw_response": {"source": "razorpay_placeholder", "result": "initiated"}, "created_at": "2026-03-11T05:37:59.160Z", "updated_at": "2026-03-11T05:37:59.160Z"}}, {"model": "orders.paymenttransaction", "pk": 45, "fields": {"order": 100, "user": 17, "payment_method": "cod", "gateway": "cod", "status": "initiated", "amount": "1999.00", "currency": "INR", "gateway_order_id": "", "gateway_payment_id": "COD-100", "gateway_signature": "", "failure_reason": "", "raw_response": {"source": "cod_checkout", "result": "pending_collection"}, "created_at": "2026-03-11T05:42:17.047Z", "updated_at": "2026-03-11T05:42:17.047Z"}}, {"model": "orders.paymenttransaction", "pk": 46, "fields": {"order": 101, "user": 17, "payment_method": "online", "gateway": "razorpay", "status": "initiated", "amount": "1999.00", "currency": "INR", "gateway_order_id": "", "gateway_payment_id": "", "gateway_signature": "", "failure_reason": "", "raw_response": {"source": "razorpay_placeholder", "result": "initiated"}, "created_at": "2026-03-11T06:35:34.830Z", "updated_at": "2026-03-11T06:35:34.830Z"}}, {"model": "orders.paymenttransaction", "pk": 47, "fields": {"order": 102, "user": 17, "payment_method": "online", "gateway": "razorpay", "status": "initiated", "amount": "90.00", "currency": "INR", "gateway_order_id": "", "gateway_payment_id": "", "gateway_signature": "", "failure_reason": "", "raw_response": {"source": "razorpay_placeholder", "result": "initiated"}, "created_at": "2026-03-11T06:48:47.254Z", "updated_at": "2026-03-11T06:48:47.254Z"}}, {"model": "orders.paymenttransaction", "pk": 48, "fields": {"order": 103, "user": 17, "payment_method": "online", "gateway": "razorpay", "status": "initiated", "amount": "10000.00", "currency": "INR", "gateway_order_id": "", "gateway_payment_id": "", "gateway_signature": "", "failure_reason": "", "raw_response": {"source": "razorpay_placeholder", "result": "initiated"}, "created_at": "2026-03-11T07:23:13.204Z", "updated_at": "2026-03-11T07:23:13.204Z"}}, {"model": "orders.paymenttransaction", "pk": 49, "fields": {"order": 103, "user": 17, "payment_method": "online", "gateway": "razorpay", "status": "success", "amount": "10000.00", "currency": "INR", "gateway_order_id": "order_SPpoTBtP6xpvGJ", "gateway_payment_id": "pay_SPppoib9D09Srf", "gateway_signature": "2ab941a808759f9dd1dc8e139a531445f200c7a5e44be1e0d60ed0f6c69bb825", "failure_reason": "", "raw_response": {"source": "razorpay", "result": "success"}, "created_at": "2026-03-11T07:24:44.918Z", "updated_at": "2026-03-11T07:24:44.918Z"}}, {"model": "orders.paymenttransaction", "pk": 50, "fields": {"order": 104, "user": 11, "payment_method": "online", "gateway": "razorpay", "status": "initiated", "amount": "3999.00", "currency": "INR", "gateway_order_id": "", "gateway_payment_id": "", "gateway_signature": "", "failure_reason": "", "raw_response": {"source": "razorpay_placeholder", "result": "initiated"}, "created_at": "2026-03-11T07:30:21.310Z", "updated_at": "2026-03-11T07:30:21.310Z"}}, {"model": "orders.paymenttransaction", "pk": 51, "fields": {"order": 104, "user": 11, "payment_method": "online", "gateway": "razorpay", "status": "success", "amount": "3999.00", "currency": "INR", "gateway_order_id": "order_SPpw0nugWmUkKi", "gateway_payment_id": "pay_SPpwRlUYytSQHt", "gateway_signature": "f19da9b14a88fb946e98d6286a097a865aa3356b7cfb3b75635cf6aac79b9917", "failure_reason": "", "raw_response": {"source": "razorpay", "result": "success"}, "created_at": "2026-03-11T07:31:03.050Z", "updated_at": "2026-03-11T07:31:03.050Z"}}, {"model": "orders.paymenttransaction", "pk": 52, "fields": {"order": 105, "user": 14, "payment_method": "online", "gateway": "razorpay", "status": "initiated", "amount": "3000.00", "currency": "INR", "gateway_order_id": "", "gateway_payment_id": "", "gateway_signature": "", "failure_reason": "", "raw_response": {"source": "razorpay_placeholder", "result": "initiated"}, "created_at": "2026-03-11T08:48:37.599Z", "updated_at": "2026-03-11T08:48:37.599Z"}}, {"model": "orders.paymenttransaction", "pk": 53, "fields": {"order": 106, "user": 14, "payment_method": "online", "gateway": "razorpay", "status": "initiated", "amount": "3000.00", "currency": "INR", "gateway_order_id": "", "gateway_payment_id": "", "gateway_signature": "", "failure_reason": "", "raw_response": {"source": "razorpay_placeholder", "result": "initiated"}, "created_at": "2026-03-11T09:00:03.288Z", "updated_at": "2026-03-11T09:00:03.288Z"}}, {"model": "orders.paymenttransaction", "pk": 54, "fields": {"order": 107, "user": 14, "payment_method": "online", "gateway": "razorpay", "status": "success", "amount": "3000.00", "currency": "INR", "gateway_order_id": "order_SPrdwHxqaVxXrB", "gateway_payment_id": "pay_SPreGFaLykkF5p", "gateway_signature": "148c37a3f14e20a020f6fb545fe5cf2712aa1a8a2b4a8ef1e6a0053651dccecd", "failure_reason": "", "raw_response": {"source": "razorpay", "result": "success"}, "created_at": "2026-03-11T09:11:12.086Z", "updated_at": "2026-03-11T09:11:12.086Z"}}, {"model": "orders.paymenttransaction", "pk": 55, "fields": {"order": 108, "user": 14, "payment_method": "cod", "gateway": "cod", "status": "initiated", "amount": "3999.00", "currency": "INR", "gateway_order_id": "", "gateway_payment_id": "COD-108", "gateway_signature": "", "failure_reason": "", "raw_response": {"source": "cod_checkout", "result": "pending_collection"}, "created_at": "2026-03-11T09:14:08.026Z", "updated_at": "2026-03-11T09:14:08.026Z"}}, {"model": "orders.paymenttransaction", "pk": 56, "fields": {"order": 109, "user": 14, "payment_method": "cod", "gateway": "cod", "status": "initiated", "amount": "3999.00", "currency": "INR", "gateway_order_id": "", "gateway_payment_id": "COD-109", "gateway_signature": "", "failure_reason": "", "raw_response": {"source": "cod_checkout", "result": "pending_collection"}, "created_at": "2026-03-11T09:19:21.721Z", "updated_at": "2026-03-11T09:19:21.721Z"}}, {"model": "orders.deliveryassignment", "pk": 1, "fields": {"order": 57, "delivery_agent": 8, "status": "delivery_failed", "cod_payment_status": "collected", "cod_collected_amount": "5998.00", "customer_note": "", "internal_note": "", "updated_by": 8, "delivered_at": null, "cod_collected_at": "2026-03-06T16:35:33.823Z", "created_at": "2026-03-06T16:25:52.695Z", "updated_at": "2026-03-06T16:35:33.823Z"}}, {"model": "orders.deliveryassignment", "pk": 2, "fields": {"order": 58, "delivery_agent": null, "status": "assigned", "cod_payment_status": "pending_collection", "cod_collected_amount": "0.00", "customer_note": "", "internal_note": "", "updated_by": null, "delivered_at": null, "cod_collected_at": null, "created_at": "2026-03-07T05:17:43.459Z", "updated_at": "2026-03-07T05:17:43.459Z"}}, {"model": "orders.deliveryassignment", "pk": 3, "fields": {"order": 59, "delivery_agent": null, "status": "assigned", "cod_payment_status": "not_applicable", "cod_collected_amount": "0.00", "customer_note": "", "internal_note": "", "updated_by": null, "delivered_at": null, "cod_collected_at": null, "created_at": "2026-03-07T05:18:20.606Z", "updated_at": "2026-03-07T05:18:20.606Z"}}, {"model": "orders.deliveryassignment", "pk": 4, "fields": {"order": 60, "delivery_agent": null, "status": "assigned", "cod_payment_status": "not_applicable", "cod_collected_amount": "0.00", "customer_note": "", "internal_note": "", "updated_by": null, "delivered_at": null, "cod_collected_at": null, "created_at": "2026-03-07T06:59:50.863Z", "updated_at": "2026-03-07T06:59:50.863Z"}}, {"model": "orders.deliveryassignment", "pk": 5, "fields": {"order": 61, "delivery_agent": null, "status": "assigned", "cod_payment_status": "pending_collection", "cod_collected_amount": "0.00", "customer_note": "", "internal_note": "", "updated_by": null, "delivered_at": null, "cod_collected_at": null, "created_at": "2026-03-07T07:04:50.470Z", "updated_at": "2026-03-07T07:04:50.470Z"}}, {"model": "orders.deliveryassignment", "pk": 6, "fields": {"order": 62, "delivery_agent": null, "status": "assigned", "cod_payment_status": "not_applicable", "cod_collected_amount": "0.00", "customer_note": "", "internal_note": "", "updated_by": null, "delivered_at": null, "cod_collected_at": null, "created_at": "2026-03-09T06:15:59.261Z", "updated_at": "2026-03-09T06:15:59.261Z"}}, {"model": "orders.deliveryassignment", "pk": 7, "fields": {"order": 63, "delivery_agent": null, "status": "assigned", "cod_payment_status": "pending_collection", "cod_collected_amount": "0.00", "customer_note": "", "internal_note": "", "updated_by": null, "delivered_at": null, "cod_collected_at": null, "created_at": "2026-03-09T10:16:50.327Z", "updated_at": "2026-03-09T10:16:50.327Z"}}, {"model": "orders.deliveryassignment", "pk": 8, "fields": {"order": 64, "delivery_agent": null, "status": "assigned", "cod_payment_status": "pending_collection", "cod_collected_amount": "0.00", "customer_note": "", "internal_note": "", "updated_by": null, "delivered_at": null, "cod_collected_at": null, "created_at": "2026-03-09T10:53:07.436Z", "updated_at": "2026-03-09T10:53:07.436Z"}}, {"model": "orders.deliveryassignment", "pk": 9, "fields": {"order": 65, "delivery_agent": null, "status": "assigned", "cod_payment_status": "pending_collection", "cod_collected_amount": "0.00", "customer_note": "", "internal_note": "", "updated_by": null, "delivered_at": null, "cod_collected_at": null, "created_at": "2026-03-09T10:57:04.848Z", "updated_at": "2026-03-09T10:57:04.848Z"}}, {"model": "orders.deliveryassignment", "pk": 10, "fields": {"order": 66, "delivery_agent": null, "status": "assigned", "cod_payment_status": "pending_collection", "cod_collected_amount": "0.00", "customer_note": "", "internal_note": "", "updated_by": null, "delivered_at": null, "cod_collected_at": null, "created_at": "2026-03-10T02:30:20.172Z", "updated_at": "2026-03-10T02:30:20.172Z"}}, {"model": "orders.deliveryassignment", "pk": 11, "fields": {"order": 67, "delivery_agent": null, "status": "assigned", "cod_payment_status": "pending_collection", "cod_collected_amount": "0.00", "customer_note": "", "internal_note": "", "updated_by": null, "delivered_at": null, "cod_collected_at": null, "created_at": "2026-03-10T06:29:16.142Z", "updated_at": "2026-03-10T06:29:16.142Z"}}, {"model": "orders.deliveryassignment", "pk": 12, "fields": {"order": 68, "delivery_agent": null, "status": "assigned", "cod_payment_status": "pending_collection", "cod_collected_amount": "0.00", "customer_note": "", "internal_note": "", "updated_by": null, "delivered_at": null, "cod_collected_at": null, "created_at": "2026-03-10T07:11:13.949Z", "updated_at": "2026-03-10T07:11:13.949Z"}}, {"model": "orders.deliveryassignment", "pk": 13, "fields": {"order": 69, "delivery_agent": null, "status": "assigned", "cod_payment_status": "pending_collection", "cod_collected_amount": "0.00", "customer_note": "", "internal_note": "", "updated_by": null, "delivered_at": null, "cod_collected_at": null, "created_at": "2026-03-10T07:17:04.007Z", "updated_at": "2026-03-10T07:17:04.007Z"}}, {"model": "orders.deliveryassignment", "pk": 14, "fields": {"order": 70, "delivery_agent": null, "status": "assigned", "cod_payment_status": "not_applicable", "cod_collected_amount": "0.00", "customer_note": "", "internal_note": "", "updated_by": null, "delivered_at": null, "cod_collected_at": null, "created_at": "2026-03-10T10:55:30.512Z", "updated_at": "2026-03-10T10:55:30.512Z"}}, {"model": "orders.deliveryassignment", "pk": 15, "fields": {"order": 71, "delivery_agent": null, "status": "assigned", "cod_payment_status": "not_applicable", "cod_collected_amount": "0.00", "customer_note": "", "internal_note": "", "updated_by": null, "delivered_at": null, "cod_collected_at": null, "created_at": "2026-03-10T10:55:33.100Z", "updated_at": "2026-03-10T10:55:33.100Z"}}, {"model": "orders.deliveryassignment", "pk": 16, "fields": {"order": 72, "delivery_agent": null, "status": "assigned", "cod_payment_status": "not_applicable", "cod_collected_amount": "0.00", "customer_note": "", "internal_note": "", "updated_by": null, "delivered_at": null, "cod_collected_at": null, "created_at": "2026-03-10T10:55:38.119Z", "updated_at": "2026-03-10T10:55:38.119Z"}}, {"model": "orders.deliveryassignment", "pk": 17, "fields": {"order": 73, "delivery_agent": null, "status": "assigned", "cod_payment_status": "not_applicable", "cod_collected_amount": "0.00", "customer_note": "", "internal_note": "", "updated_by": null, "delivered_at": null, "cod_collected_at": null, "created_at": "2026-03-10T10:55:39.409Z", "updated_at": "2026-03-10T10:55:39.409Z"}}, {"model": "orders.deliveryassignment", "pk": 18, "fields": {"order": 74, "delivery_agent": null, "status": "assigned", "cod_payment_status": "not_applicable", "cod_collected_amount": "0.00", "customer_note": "", "internal_note": "", "updated_by": null, "delivered_at": null, "cod_collected_at": null, "created_at": "2026-03-10T10:55:40.246Z", "updated_at": "2026-03-10T10:55:40.246Z"}}, {"model": "orders.deliveryassignment", "pk": 19, "fields": {"order": 75, "delivery_agent": null, "status": "assigned", "cod_payment_status": "not_applicable", "cod_collected_amount": "0.00", "customer_note": "", "internal_note": "", "updated_by": null, "delivered_at": null, "cod_collected_at": null, "created_at": "2026-03-10T10:55:43.998Z", "updated_at": "2026-03-10T10:55:43.998Z"}}, {"model": "orders.deliveryassignment", "pk": 20, "fields": {"order": 76, "delivery_agent": null, "status": "assigned", "cod_payment_status": "not_applicable", "cod_collected_amount": "0.00", "customer_note": "", "internal_note": "", "updated_by": null, "delivered_at": null, "cod_collected_at": null, "created_at": "2026-03-10T10:55:44.488Z", "updated_at": "2026-03-10T10:55:44.488Z"}}, {"model": "orders.deliveryassignment", "pk": 21, "fields": {"order": 77, "delivery_agent": null, "status": "assigned", "cod_payment_status": "not_applicable", "cod_collected_amount": "0.00", "customer_note": "", "internal_note": "", "updated_by": null, "delivered_at": null, "cod_collected_at": null, "created_at": "2026-03-10T10:55:44.840Z", "updated_at": "2026-03-10T10:55:44.840Z"}}, {"model": "orders.deliveryassignment", "pk": 22, "fields": {"order": 78, "delivery_agent": null, "status": "assigned", "cod_payment_status": "not_applicable", "cod_collected_amount": "0.00", "customer_note": "", "internal_note": "", "updated_by": null, "delivered_at": null, "cod_collected_at": null, "created_at": "2026-03-10T10:59:00.128Z", "updated_at": "2026-03-10T10:59:00.128Z"}}, {"model": "orders.deliveryassignment", "pk": 23, "fields": {"order": 79, "delivery_agent": null, "status": "assigned", "cod_payment_status": "not_applicable", "cod_collected_amount": "0.00", "customer_note": "", "internal_note": "", "updated_by": null, "delivered_at": null, "cod_collected_at": null, "created_at": "2026-03-10T10:59:03.011Z", "updated_at": "2026-03-10T10:59:03.011Z"}}, {"model": "orders.deliveryassignment", "pk": 24, "fields": {"order": 80, "delivery_agent": null, "status": "assigned", "cod_payment_status": "not_applicable", "cod_collected_amount": "0.00", "customer_note": "", "internal_note": "", "updated_by": null, "delivered_at": null, "cod_collected_at": null, "created_at": "2026-03-10T10:59:04.642Z", "updated_at": "2026-03-10T10:59:04.642Z"}}, {"model": "orders.deliveryassignment", "pk": 25, "fields": {"order": 81, "delivery_agent": null, "status": "assigned", "cod_payment_status": "not_applicable", "cod_collected_amount": "0.00", "customer_note": "", "internal_note": "", "updated_by": null, "delivered_at": null, "cod_collected_at": null, "created_at": "2026-03-10T10:59:36.088Z", "updated_at": "2026-03-10T10:59:36.088Z"}}, {"model": "orders.deliveryassignment", "pk": 26, "fields": {"order": 82, "delivery_agent": null, "status": "assigned", "cod_payment_status": "not_applicable", "cod_collected_amount": "0.00", "customer_note": "", "internal_note": "", "updated_by": null, "delivered_at": null, "cod_collected_at": null, "created_at": "2026-03-10T10:59:37.826Z", "updated_at": "2026-03-10T10:59:37.826Z"}}, {"model": "orders.deliveryassignment", "pk": 27, "fields": {"order": 83, "delivery_agent": null, "status": "assigned", "cod_payment_status": "not_applicable", "cod_collected_amount": "0.00", "customer_note": "", "internal_note": "", "updated_by": null, "delivered_at": null, "cod_collected_at": null, "created_at": "2026-03-10T11:01:30.325Z", "updated_at": "2026-03-10T11:01:30.325Z"}}, {"model": "orders.deliveryassignment", "pk": 28, "fields": {"order": 84, "delivery_agent": null, "status": "assigned", "cod_payment_status": "not_applicable", "cod_collected_amount": "0.00", "customer_note": "", "internal_note": "", "updated_by": null, "delivered_at": null, "cod_collected_at": null, "created_at": "2026-03-10T11:13:21.952Z", "updated_at": "2026-03-10T11:13:21.952Z"}}, {"model": "orders.deliveryassignment", "pk": 29, "fields": {"order": 85, "delivery_agent": null, "status": "assigned", "cod_payment_status": "not_applicable", "cod_collected_amount": "0.00", "customer_note": "", "internal_note": "", "updated_by": null, "delivered_at": null, "cod_collected_at": null, "created_at": "2026-03-10T13:41:55.210Z", "updated_at": "2026-03-10T13:41:55.210Z"}}, {"model": "orders.deliveryassignment", "pk": 30, "fields": {"order": 86, "delivery_agent": null, "status": "assigned", "cod_payment_status": "not_applicable", "cod_collected_amount": "0.00", "customer_note": "", "internal_note": "", "updated_by": null, "delivered_at": null, "cod_collected_at": null, "created_at": "2026-03-10T13:43:25.873Z", "updated_at": "2026-03-10T13:43:25.873Z"}}, {"model": "orders.deliveryassignment", "pk": 31, "fields": {"order": 87, "delivery_agent": null, "status": "assigned", "cod_payment_status": "pending_collection", "cod_collected_amount": "0.00", "customer_note": "", "internal_note": "", "updated_by": null, "delivered_at": null, "cod_collected_at": null, "created_at": "2026-03-10T13:57:26.592Z", "updated_at": "2026-03-10T13:57:26.593Z"}}, {"model": "orders.deliveryassignment", "pk": 32, "fields": {"order": 88, "delivery_agent": null, "status": "assigned", "cod_payment_status": "pending_collection", "cod_collected_amount": "0.00", "customer_note": "", "internal_note": "", "updated_by": null, "delivered_at": null, "cod_collected_at": null, "created_at": "2026-03-10T13:59:11.687Z", "updated_at": "2026-03-10T13:59:11.687Z"}}, {"model": "orders.deliveryassignment", "pk": 33, "fields": {"order": 89, "delivery_agent": null, "status": "assigned", "cod_payment_status": "not_applicable", "cod_collected_amount": "0.00", "customer_note": "", "internal_note": "", "updated_by": null, "delivered_at": null, "cod_collected_at": null, "created_at": "2026-03-10T14:00:53.121Z", "updated_at": "2026-03-10T14:00:53.121Z"}}, {"model": "orders.deliveryassignment", "pk": 34, "fields": {"order": 90, "delivery_agent": null, "status": "assigned", "cod_payment_status": "not_applicable", "cod_collected_amount": "0.00", "customer_note": "", "internal_note": "", "updated_by": null, "delivered_at": null, "cod_collected_at": null, "created_at": "2026-03-10T14:27:21.482Z", "updated_at": "2026-03-10T14:27:21.482Z"}}, {"model": "orders.deliveryassignment", "pk": 35, "fields": {"order": 91, "delivery_agent": null, "status": "assigned", "cod_payment_status": "not_applicable", "cod_collected_amount": "0.00", "customer_note": "", "internal_note": "", "updated_by": null, "delivered_at": null, "cod_collected_at": null, "created_at": "2026-03-10T14:34:37.706Z", "updated_at": "2026-03-10T14:34:37.706Z"}}, {"model": "orders.deliveryassignment", "pk": 36, "fields": {"order": 92, "delivery_agent": null, "status": "assigned", "cod_payment_status": "not_applicable", "cod_collected_amount": "0.00", "customer_note": "", "internal_note": "", "updated_by": null, "delivered_at": null, "cod_collected_at": null, "created_at": "2026-03-10T14:53:49.817Z", "updated_at": "2026-03-10T14:53:49.817Z"}}, {"model": "orders.deliveryassignment", "pk": 37, "fields": {"order": 93, "delivery_agent": null, "status": "assigned", "cod_payment_status": "not_applicable", "cod_collected_amount": "0.00", "customer_note": "", "internal_note": "", "updated_by": null, "delivered_at": null, "cod_collected_at": null, "created_at": "2026-03-10T15:03:12.122Z", "updated_at": "2026-03-10T15:03:12.122Z"}}, {"model": "orders.deliveryassignment", "pk": 38, "fields": {"order": 94, "delivery_agent": null, "status": "assigned", "cod_payment_status": "not_applicable", "cod_collected_amount": "0.00", "customer_note": "", "internal_note": "", "updated_by": null, "delivered_at": null, "cod_collected_at": null, "created_at": "2026-03-10T15:10:02.295Z", "updated_at": "2026-03-10T15:10:02.295Z"}}, {"model": "orders.deliveryassignment", "pk": 39, "fields": {"order": 95, "delivery_agent": null, "status": "assigned", "cod_payment_status": "not_applicable", "cod_collected_amount": "0.00", "customer_note": "", "internal_note": "", "updated_by": null, "delivered_at": null, "cod_collected_at": null, "created_at": "2026-03-10T15:18:41.592Z", "updated_at": "2026-03-10T15:18:41.592Z"}}, {"model": "orders.deliveryassignment", "pk": 40, "fields": {"order": 96, "delivery_agent": null, "status": "assigned", "cod_payment_status": "not_applicable", "cod_collected_amount": "0.00", "customer_note": "", "internal_note": "", "updated_by": null, "delivered_at": null, "cod_collected_at": null, "created_at": "2026-03-10T15:50:31.654Z", "updated_at": "2026-03-10T15:50:31.654Z"}}, {"model": "orders.deliveryassignment", "pk": 41, "fields": {"order": 97, "delivery_agent": null, "status": "assigned", "cod_payment_status": "not_applicable", "cod_collected_amount": "0.00", "customer_note": "", "internal_note": "", "updated_by": null, "delivered_at": null, "cod_collected_at": null, "created_at": "2026-03-11T04:44:31.461Z", "updated_at": "2026-03-11T04:44:31.461Z"}}, {"model": "orders.deliveryassignment", "pk": 42, "fields": {"order": 98, "delivery_agent": null, "status": "assigned", "cod_payment_status": "not_applicable", "cod_collected_amount": "0.00", "customer_note": "", "internal_note": "", "updated_by": null, "delivered_at": null, "cod_collected_at": null, "created_at": "2026-03-11T05:14:17.983Z", "updated_at": "2026-03-11T05:14:17.983Z"}}, {"model": "orders.deliveryassignment", "pk": 43, "fields": {"order": 99, "delivery_agent": null, "status": "assigned", "cod_payment_status": "not_applicable", "cod_collected_amount": "0.00", "customer_note": "", "internal_note": "", "updated_by": null, "delivered_at": null, "cod_collected_at": null, "created_at": "2026-03-11T05:37:59.162Z", "updated_at": "2026-03-11T05:37:59.163Z"}}, {"model": "orders.deliveryassignment", "pk": 44, "fields": {"order": 100, "delivery_agent": null, "status": "assigned", "cod_payment_status": "pending_collection", "cod_collected_amount": "0.00", "customer_note": "", "internal_note": "", "updated_by": null, "delivered_at": null, "cod_collected_at": null, "created_at": "2026-03-11T05:42:17.051Z", "updated_at": "2026-03-11T05:42:17.051Z"}}, {"model": "orders.deliveryassignment", "pk": 45, "fields": {"order": 101, "delivery_agent": null, "status": "assigned", "cod_payment_status": "not_applicable", "cod_collected_amount": "0.00", "customer_note": "", "internal_note": "", "updated_by": null, "delivered_at": null, "cod_collected_at": null, "created_at": "2026-03-11T06:35:34.830Z", "updated_at": "2026-03-11T06:35:34.830Z"}}, {"model": "orders.deliveryassignment", "pk": 46, "fields": {"order": 102, "delivery_agent": null, "status": "assigned", "cod_payment_status": "not_applicable", "cod_collected_amount": "0.00", "customer_note": "", "internal_note": "", "updated_by": null, "delivered_at": null, "cod_collected_at": null, "created_at": "2026-03-11T06:48:47.254Z", "updated_at": "2026-03-11T06:48:47.254Z"}}, {"model": "orders.deliveryassignment", "pk": 47, "fields": {"order": 103, "delivery_agent": null, "status": "assigned", "cod_payment_status": "not_applicable", "cod_collected_amount": "0.00", "customer_note": "", "internal_note": "", "updated_by": null, "delivered_at": null, "cod_collected_at": null, "created_at": "2026-03-11T07:23:13.204Z", "updated_at": "2026-03-11T07:23:13.204Z"}}, {"model": "orders.deliveryassignment", "pk": 48, "fields": {"order": 104, "delivery_agent": null, "status": "assigned", "cod_payment_status": "not_applicable", "cod_collected_amount": "0.00", "customer_note": "", "internal_note": "", "updated_by": null, "delivered_at": null, "cod_collected_at": null, "created_at": "2026-03-11T07:30:21.311Z", "updated_at": "2026-03-11T07:30:21.311Z"}}, {"model": "orders.deliveryassignment", "pk": 49, "fields": {"order": 105, "delivery_agent": null, "status": "assigned", "cod_payment_status": "not_applicable", "cod_collected_amount": "0.00", "customer_note": "", "internal_note": "", "updated_by": null, "delivered_at": null, "cod_collected_at": null, "created_at": "2026-03-11T08:48:37.599Z", "updated_at": "2026-03-11T08:48:37.599Z"}}, {"model": "orders.deliveryassignment", "pk": 50, "fields": {"order": 106, "delivery_agent": null, "status": "assigned", "cod_payment_status": "not_applicable", "cod_collected_amount": "0.00", "customer_note": "", "internal_note": "", "updated_by": null, "delivered_at": null, "cod_collected_at": null, "created_at": "2026-03-11T09:00:03.288Z", "updated_at": "2026-03-11T09:00:03.288Z"}}, {"model": "orders.deliveryassignment", "pk": 51, "fields": {"order": 107, "delivery_agent": null, "status": "assigned", "cod_payment_status": "not_applicable", "cod_collected_amount": "0.00", "customer_note": "", "internal_note": "", "updated_by": null, "delivered_at": null, "cod_collected_at": null, "created_at": "2026-03-11T09:11:22.397Z", "updated_at": "2026-03-11T09:11:22.397Z"}}, {"model": "orders.deliveryassignment", "pk": 52, "fields": {"order": 108, "delivery_agent": null, "status": "assigned", "cod_payment_status": "pending_collection", "cod_collected_amount": "0.00", "customer_note": "", "internal_note": "", "updated_by": null, "delivered_at": null, "cod_collected_at": null, "created_at": "2026-03-11T09:14:08.026Z", "updated_at": "2026-03-11T09:14:08.026Z"}}, {"model": "orders.deliveryassignment", "pk": 53, "fields": {"order": 109, "delivery_agent": null, "status": "assigned", "cod_payment_status": "pending_collection", "cod_collected_amount": "0.00", "customer_note": "", "internal_note": "", "updated_by": null, "delivered_at": null, "cod_collected_at": null, "created_at": "2026-03-11T09:19:21.721Z", "updated_at": "2026-03-11T09:19:21.721Z"}}, {"model": "orders.wallet", "pk": 1, "fields": {"user": 11, "balance": "68090.00", "created_at": "2026-03-10T06:59:55.769Z", "updated_at": "2026-03-10T07:22:41.752Z"}}, {"model": "orders.wallet", "pk": 2, "fields": {"user": 16, "balance": "0.00", "created_at": "2026-03-10T13:40:06.310Z", "updated_at": "2026-03-10T13:40:06.310Z"}}, {"model": "orders.wallet", "pk": 3, "fields": {"user": 14, "balance": "0.00", "created_at": "2026-03-11T09:29:00.920Z", "updated_at": "2026-03-11T09:29:00.920Z"}}, {"model": "orders.returnrequest", "pk": 1, "fields": {"order": 66, "user": 11, "product": 51, "reason": "not_as_described", "description": "", "photo": "", "status": "approved", "admin_notes": "", "refund_amount": "90.00", "created_at": "2026-03-10T06:54:09.209Z", "updated_at": "2026-03-10T07:22:41.732Z"}}, {"model": "orders.returnrequest", "pk": 2, "fields": {"order": 67, "user": 11, "product": 29, "reason": "changed_mind", "description": "", "photo": "", "status": "approved", "admin_notes": "", "refund_amount": "1000.00", "created_at": "2026-03-10T06:55:03.217Z", "updated_at": "2026-03-10T07:21:51.249Z"}}, {"model": "orders.returnrequest", "pk": 3, "fields": {"order": 58, "user": 11, "product": 46, "reason": "size_fit", "description": "", "photo": "", "status": "approved", "admin_notes": "", "refund_amount": "3000.00", "created_at": "2026-03-10T06:55:43.277Z", "updated_at": "2026-03-10T06:59:55.753Z"}}, {"model": "orders.returnrequest", "pk": 4, "fields": {"order": 68, "user": 11, "product": 2, "reason": "missing_parts", "description": "", "photo": "", "status": "approved", "admin_notes": "", "refund_amount": "65000.00", "created_at": "2026-03-10T07:13:20.909Z", "updated_at": "2026-03-10T07:14:23.555Z"}}, {"model": "orders.review", "pk": 1, "fields": {"user": 11, "product": 49, "order_item": 73, "rating": 5, "comment": "wow", "status": "approved", "approved_by": 8, "approved_at": "2026-03-11T11:36:10.908Z", "rejection_reason": "", "created_at": "2026-03-11T11:28:43.917Z", "updated_at": "2026-03-11T11:36:10.908Z"}}, {"model": "orders.review", "pk": 2, "fields": {"user": 11, "product": 6, "order_item": 72, "rating": 5, "comment": "super", "status": "approved", "approved_by": 8, "approved_at": "2026-03-11T11:36:10.899Z", "rejection_reason": "", "created_at": "2026-03-11T11:33:44.520Z", "updated_at": "2026-03-11T11:36:10.900Z"}}, {"model": "wishlist.wishlist", "pk": 34, "fields": {"user": 11, "product": 40, "added_at": "2026-03-04T11:22:26.656Z"}}, {"model": "wishlist.wishlist", "pk": 35, "fields": {"user": 11, "product": 41, "added_at": "2026-03-04T11:22:35.149Z"}}, {"model": "wishlist.wishlist", "pk": 36, "fields": {"user": 8, "product": 31, "added_at": "2026-03-04T11:31:13.013Z"}}, {"model": "wishlist.wishlist", "pk": 37, "fields": {"user": 8, "product": 27, "added_at": "2026-03-04T11:31:20.786Z"}}, {"model": "wishlist.wishlist", "pk": 38, "fields": {"user": 8, "product": 25, "added_at": "2026-03-04T11:31:38.333Z"}}, {"model": "wishlist.wishlist", "pk": 39, "fields": {"user": 11, "product": 35, "added_at": "2026-03-04T14:19:48.272Z"}}, {"model": "wishlist.wishlist", "pk": 41, "fields": {"user": 14, "product": 22, "added_at": "2026-03-05T04:55:30.346Z"}}, {"model": "wishlist.wishlist", "pk": 42, "fields": {"user": 14, "product": 17, "added_at": "2026-03-05T04:55:44.378Z"}}, {"model": "wishlist.wishlist", "pk": 43, "fields": {"user": 11, "product": 6, "added_at": "2026-03-05T05:22:20.047Z"}}, {"model": "wishlist.wishlist", "pk": 51, "fields": {"user": 14, "product": 33, "added_at": "2026-03-06T04:46:25.611Z"}}, {"model": "wishlist.wishlist", "pk": 52, "fields": {"user": 10, "product": 40, "added_at": "2026-03-06T09:56:49.309Z"}}, {"model": "wishlist.wishlist", "pk": 55, "fields": {"user": 10, "product": 39, "added_at": "2026-03-06T09:59:25.593Z"}}, {"model": "wishlist.wishlist", "pk": 57, "fields": {"user": 10, "product": 36, "added_at": "2026-03-06T10:00:12.899Z"}}, {"model": "wishlist.wishlist", "pk": 58, "fields": {"user": 10, "product": 33, "added_at": "2026-03-06T10:00:39.120Z"}}, {"model": "wishlist.wishlist", "pk": 60, "fields": {"user": 19, "product": 28, "added_at": "2026-03-06T11:04:55.579Z"}}, {"model": "wishlist.wishlist", "pk": 62, "fields": {"user": 22, "product": 51, "added_at": "2026-03-09T09:40:47.219Z"}}, {"model": "wishlist.wishlist", "pk": 63, "fields": {"user": 22, "product": 49, "added_at": "2026-03-09T09:54:11.992Z"}}, {"model": "wishlist.wishlist", "pk": 64, "fields": {"user": 16, "product": 39, "added_at": "2026-03-09T10:24:07.585Z"}}, {"model": "wishlist.wishlist", "pk": 65, "fields": {"user": 11, "product": 51, "added_at": "2026-03-10T10:40:35.026Z"}}, {"model": "wishlist.wishlist", "pk": 66, "fields": {"user": 18, "product": 45, "added_at": "2026-03-11T05:13:52.654Z"}}, {"model": "sellers.sellerprofile", "pk": 2, "fields": {"user": 10, "registration_id": "476733", "seller_id": "974762", "approval_status": "approved", "approved_by": null, "approved_at": "2026-03-06T10:56:50.257Z", "business_name": "BisiByte", "phone": "777777777", "pan_card_number": "", "pan_card_photo": "", "supplier_details": "", "msme_details": "", "registered_office_address": "", "contact_person_name": "", "contact_email": "", "alternate_phone": "", "terms_accepted": false, "terms_accepted_at": null, "payout_account_name": "yyyyy", "payout_account_number": "33333", "payout_ifsc": "2323232323", "created_at": "2026-03-02T05:37:58.399Z", "updated_at": "2026-03-02T05:37:58.399Z", "product_categories": []}}, {"model": "sellers.sellerprofile", "pk": 5, "fields": {"user": 13, "registration_id": "616086", "seller_id": "983981", "approval_status": "approved", "approved_by": null, "approved_at": "2026-03-06T10:56:50.257Z", "business_name": "Decorators", "phone": "", "pan_card_number": "", "pan_card_photo": "", "supplier_details": "", "msme_details": "", "registered_office_address": "", "contact_person_name": "", "contact_email": "", "alternate_phone": "", "terms_accepted": false, "terms_accepted_at": null, "payout_account_name": "xxxxx", "payout_account_number": "123", "payout_ifsc": "2323232323", "created_at": "2026-03-04T07:11:48.881Z", "updated_at": "2026-03-04T07:11:48.881Z", "product_categories": []}}, {"model": "sellers.sellerprofile", "pk": 7, "fields": {"user": 14, "registration_id": "432238", "seller_id": "061714", "approval_status": "approved", "approved_by": null, "approved_at": "2026-03-06T10:56:50.257Z", "business_name": "Fashion & Apparel", "phone": "", "pan_card_number": "", "pan_card_photo": "", "supplier_details": "", "msme_details": "", "registered_office_address": "", "contact_person_name": "", "contact_email": "", "alternate_phone": "", "terms_accepted": false, "terms_accepted_at": null, "payout_account_name": "xxxxx", "payout_account_number": "123", "payout_ifsc": "2323232323", "created_at": "2026-03-04T08:45:56.566Z", "updated_at": "2026-03-04T10:42:03.087Z", "product_categories": []}}, {"model": "sellers.sellerprofile", "pk": 8, "fields": {"user": 15, "registration_id": "587459", "seller_id": "581549", "approval_status": "approved", "approved_by": null, "approved_at": "2026-03-06T10:56:50.257Z", "business_name": "Handmade Crafts", "phone": "", "pan_card_number": "", "pan_card_photo": "", "supplier_details": "", "msme_details": "", "registered_office_address": "", "contact_person_name": "", "contact_email": "", "alternate_phone": "", "terms_accepted": false, "terms_accepted_at": null, "payout_account_name": "xxxxx", "payout_account_number": "123", "payout_ifsc": "2323232323", "created_at": "2026-03-04T08:48:16.689Z", "updated_at": "2026-03-04T10:41:55.174Z", "product_categories": []}}, {"model": "sellers.sellerprofile", "pk": 9, "fields": {"user": 16, "registration_id": "378297", "seller_id": "975801", "approval_status": "approved", "approved_by": null, "approved_at": "2026-03-06T10:56:50.257Z", "business_name": "Beauty & Cosmetics", "phone": "", "pan_card_number": "", "pan_card_photo": "", "supplier_details": "", "msme_details": "", "registered_office_address": "", "contact_person_name": "", "contact_email": "", "alternate_phone": "", "terms_accepted": false, "terms_accepted_at": null, "payout_account_name": "xxxxx", "payout_account_number": "123", "payout_ifsc": "2323232323", "created_at": "2026-03-04T09:07:17.163Z", "updated_at": "2026-03-04T09:07:17.163Z", "product_categories": []}}, {"model": "sellers.sellerprofile", "pk": 10, "fields": {"user": 17, "registration_id": "595121", "seller_id": "054380", "approval_status": "approved", "approved_by": null, "approved_at": "2026-03-06T10:56:50.257Z", "business_name": "TrendAura", "phone": "", "pan_card_number": "", "pan_card_photo": "", "supplier_details": "", "msme_details": "", "registered_office_address": "", "contact_person_name": "", "contact_email": "", "alternate_phone": "", "terms_accepted": false, "terms_accepted_at": null, "payout_account_name": "xxxxx", "payout_account_number": "123", "payout_ifsc": "2323232323", "created_at": "2026-03-04T09:09:39.872Z", "updated_at": "2026-03-04T09:09:39.872Z", "product_categories": []}}, {"model": "sellers.sellerprofile", "pk": 11, "fields": {"user": 18, "registration_id": "757397", "seller_id": "334843", "approval_status": "approved", "approved_by": null, "approved_at": "2026-03-06T10:56:50.257Z", "business_name": "Grocery", "phone": "", "pan_card_number": "", "pan_card_photo": "", "supplier_details": "", "msme_details": "", "registered_office_address": "", "contact_person_name": "", "contact_email": "", "alternate_phone": "", "terms_accepted": false, "terms_accepted_at": null, "payout_account_name": "xxxxx", "payout_account_number": "123", "payout_ifsc": "2323232323", "created_at": "2026-03-04T09:10:37.145Z", "updated_at": "2026-03-04T09:10:37.145Z", "product_categories": []}}, {"model": "sellers.sellerprofile", "pk": 12, "fields": {"user": 8, "registration_id": "848287", "seller_id": "425084", "approval_status": "approved", "approved_by": null, "approved_at": "2026-03-06T10:56:50.257Z", "business_name": "Platform Hub", "phone": "", "pan_card_number": "", "pan_card_photo": "", "supplier_details": "", "msme_details": "", "registered_office_address": "", "contact_person_name": "", "contact_email": "", "alternate_phone": "", "terms_accepted": false, "terms_accepted_at": null, "payout_account_name": "Platform Hub", "payout_account_number": "HUB-ACCOUNT", "payout_ifsc": "HUB0000000", "created_at": "2026-03-04T11:17:59.152Z", "updated_at": "2026-03-06T05:09:47.840Z", "product_categories": []}}, {"model": "sellers.sellerprofile", "pk": 13, "fields": {"user": 19, "registration_id": "293408", "seller_id": "226738", "approval_status": "approved", "approved_by": 8, "approved_at": "2026-03-06T11:09:20.966Z", "business_name": "My Choco", "phone": "5555555555", "pan_card_number": "", "pan_card_photo": "", "supplier_details": "", "msme_details": "", "registered_office_address": "", "contact_person_name": "", "contact_email": "", "alternate_phone": "", "terms_accepted": false, "terms_accepted_at": null, "payout_account_name": "Preethi", "payout_account_number": "77777", "payout_ifsc": "Z08976", "created_at": "2026-03-06T11:03:33.535Z", "updated_at": "2026-03-06T11:09:20.966Z", "product_categories": []}}, {"model": "sellers.sellerprofile", "pk": 14, "fields": {"user": 20, "registration_id": "635997", "seller_id": null, "approval_status": "rejected", "approved_by": null, "approved_at": null, "business_name": "Sweets", "phone": "5555555555", "pan_card_number": "", "pan_card_photo": "", "supplier_details": "", "msme_details": "", "registered_office_address": "", "contact_person_name": "", "contact_email": "", "alternate_phone": "", "terms_accepted": false, "terms_accepted_at": null, "payout_account_name": "Virat", "payout_account_number": "77777", "payout_ifsc": "Z08976", "created_at": "2026-03-06T11:23:32.157Z", "updated_at": "2026-03-06T11:24:13.524Z", "product_categories": []}}, {"model": "sellers.sellerprofile", "pk": 15, "fields": {"user": 21, "registration_id": "102392", "seller_id": "393901", "approval_status": "approved", "approved_by": 8, "approved_at": "2026-03-06T12:50:00.281Z", "business_name": "Bouquet Shop", "phone": "44534526", "pan_card_number": "ABCDE1234F", "pan_card_photo": "seller_documents/pan_cards/DUMMY_PAN.jpg", "supplier_details": "fresh bouquets for your closed ones", "msme_details": "MsMe", "registered_office_address": "21/3 , Nehru Street , Ranchi Nagar , Gujarat- 641022", "contact_person_name": "Krish", "contact_email": "Krish@gmail.com", "alternate_phone": "9086578345", "terms_accepted": true, "terms_accepted_at": "2026-03-06T12:46:16.950Z", "payout_account_name": "Krish", "payout_account_number": "6543563722222", "payout_ifsc": "Z0897623156666666666", "created_at": "2026-03-06T12:46:16.964Z", "updated_at": "2026-03-06T12:50:00.281Z", "product_categories": [3, 12]}}, {"model": "sellers.sellerproduct", "pk": 1, "fields": {"seller": 2, "product": 12, "delivery_mode": "own_delivery", "shipping_details": "yyyy address", "hub_name": "", "hub_address": "", "handover_instructions": "", "payout_rate_own_delivery": "90.00", "payout_rate_hub_delivery": "82.00", "created_at": "2026-03-02T05:22:20.156Z", "updated_at": "2026-03-06T05:24:55.735Z"}}, {"model": "sellers.sellerproduct", "pk": 2, "fields": {"seller": 2, "product": 13, "delivery_mode": "hub_delivery", "shipping_details": "", "hub_name": "My karate hub", "hub_address": "Coimbatore", "handover_instructions": "", "payout_rate_own_delivery": "90.00", "payout_rate_hub_delivery": "82.00", "created_at": "2026-03-02T05:31:19.694Z", "updated_at": "2026-03-06T06:35:15.768Z"}}, {"model": "sellers.sellerproduct", "pk": 5, "fields": {"seller": 2, "product": 16, "delivery_mode": "own_delivery", "shipping_details": "coimbatore", "hub_name": "", "hub_address": "", "handover_instructions": "", "payout_rate_own_delivery": "90.00", "payout_rate_hub_delivery": "82.00", "created_at": "2026-03-02T09:36:46.785Z", "updated_at": "2026-03-06T05:21:30.343Z"}}, {"model": "sellers.sellerproduct", "pk": 6, "fields": {"seller": 11, "product": 18, "delivery_mode": "own_delivery", "shipping_details": "iii", "hub_name": "", "hub_address": "", "handover_instructions": "", "payout_rate_own_delivery": "90.00", "payout_rate_hub_delivery": "82.00", "created_at": "2026-03-04T09:45:54.160Z", "updated_at": "2026-03-04T09:45:54.160Z"}}, {"model": "sellers.sellerproduct", "pk": 7, "fields": {"seller": 11, "product": 19, "delivery_mode": "own_delivery", "shipping_details": "www", "hub_name": "", "hub_address": "", "handover_instructions": "", "payout_rate_own_delivery": "90.00", "payout_rate_hub_delivery": "82.00", "created_at": "2026-03-04T09:48:02.314Z", "updated_at": "2026-03-04T09:48:02.314Z"}}, {"model": "sellers.sellerproduct", "pk": 8, "fields": {"seller": 11, "product": 20, "delivery_mode": "own_delivery", "shipping_details": "www", "hub_name": "", "hub_address": "", "handover_instructions": "", "payout_rate_own_delivery": "90.00", "payout_rate_hub_delivery": "82.00", "created_at": "2026-03-04T09:49:10.504Z", "updated_at": "2026-03-04T09:49:10.504Z"}}, {"model": "sellers.sellerproduct", "pk": 9, "fields": {"seller": 11, "product": 21, "delivery_mode": "own_delivery", "shipping_details": "www", "hub_name": "", "hub_address": "", "handover_instructions": "", "payout_rate_own_delivery": "90.00", "payout_rate_hub_delivery": "82.00", "created_at": "2026-03-04T09:50:06.863Z", "updated_at": "2026-03-04T09:50:06.863Z"}}, {"model": "sellers.sellerproduct", "pk": 10, "fields": {"seller": 11, "product": 22, "delivery_mode": "hub_delivery", "shipping_details": "", "hub_name": "hub", "hub_address": "cbe", "handover_instructions": "", "payout_rate_own_delivery": "90.00", "payout_rate_hub_delivery": "82.00", "created_at": "2026-03-04T09:51:47.132Z", "updated_at": "2026-03-04T09:51:47.132Z"}}, {"model": "sellers.sellerproduct", "pk": 11, "fields": {"seller": 11, "product": 23, "delivery_mode": "hub_delivery", "shipping_details": "", "hub_name": "hub", "hub_address": "cbe", "handover_instructions": "", "payout_rate_own_delivery": "90.00", "payout_rate_hub_delivery": "82.00", "created_at": "2026-03-04T09:55:32.099Z", "updated_at": "2026-03-04T09:55:32.099Z"}}, {"model": "sellers.sellerproduct", "pk": 12, "fields": {"seller": 11, "product": 24, "delivery_mode": "hub_delivery", "shipping_details": "", "hub_name": "hub", "hub_address": "cbe", "handover_instructions": "", "payout_rate_own_delivery": "90.00", "payout_rate_hub_delivery": "82.00", "created_at": "2026-03-04T09:56:18.549Z", "updated_at": "2026-03-04T09:56:18.549Z"}}, {"model": "sellers.sellerproduct", "pk": 13, "fields": {"seller": 11, "product": 25, "delivery_mode": "hub_delivery", "shipping_details": "", "hub_name": "hub", "hub_address": "cbe", "handover_instructions": "", "payout_rate_own_delivery": "90.00", "payout_rate_hub_delivery": "82.00", "created_at": "2026-03-04T09:58:18.477Z", "updated_at": "2026-03-04T09:58:18.477Z"}}, {"model": "sellers.sellerproduct", "pk": 14, "fields": {"seller": 9, "product": 26, "delivery_mode": "own_delivery", "shipping_details": "qqq", "hub_name": "", "hub_address": "", "handover_instructions": "", "payout_rate_own_delivery": "90.00", "payout_rate_hub_delivery": "82.00", "created_at": "2026-03-04T10:08:16.146Z", "updated_at": "2026-03-04T10:08:16.146Z"}}, {"model": "sellers.sellerproduct", "pk": 15, "fields": {"seller": 9, "product": 27, "delivery_mode": "own_delivery", "shipping_details": "ttt", "hub_name": "", "hub_address": "", "handover_instructions": "", "payout_rate_own_delivery": "90.00", "payout_rate_hub_delivery": "82.00", "created_at": "2026-03-04T10:09:05.797Z", "updated_at": "2026-03-04T10:09:05.797Z"}}, {"model": "sellers.sellerproduct", "pk": 16, "fields": {"seller": 9, "product": 28, "delivery_mode": "hub_delivery", "shipping_details": "", "hub_name": "hub", "hub_address": "try", "handover_instructions": "", "payout_rate_own_delivery": "90.00", "payout_rate_hub_delivery": "82.00", "created_at": "2026-03-04T10:09:50.921Z", "updated_at": "2026-03-04T10:09:50.928Z"}}, {"model": "sellers.sellerproduct", "pk": 17, "fields": {"seller": 9, "product": 29, "delivery_mode": "hub_delivery", "shipping_details": "", "hub_name": "hub", "hub_address": "try", "handover_instructions": "", "payout_rate_own_delivery": "90.00", "payout_rate_hub_delivery": "82.00", "created_at": "2026-03-04T10:11:08.361Z", "updated_at": "2026-03-04T10:11:08.361Z"}}, {"model": "sellers.sellerproduct", "pk": 18, "fields": {"seller": 9, "product": 30, "delivery_mode": "hub_delivery", "shipping_details": "", "hub_name": "hub", "hub_address": "try", "handover_instructions": "", "payout_rate_own_delivery": "90.00", "payout_rate_hub_delivery": "82.00", "created_at": "2026-03-04T10:12:02.325Z", "updated_at": "2026-03-04T10:12:02.325Z"}}, {"model": "sellers.sellerproduct", "pk": 19, "fields": {"seller": 10, "product": 31, "delivery_mode": "own_delivery", "shipping_details": "qqq", "hub_name": "", "hub_address": "", "handover_instructions": "", "payout_rate_own_delivery": "90.00", "payout_rate_hub_delivery": "82.00", "created_at": "2026-03-04T10:16:40.221Z", "updated_at": "2026-03-04T10:16:40.221Z"}}, {"model": "sellers.sellerproduct", "pk": 20, "fields": {"seller": 10, "product": 32, "delivery_mode": "own_delivery", "shipping_details": "qqq", "hub_name": "", "hub_address": "", "handover_instructions": "", "payout_rate_own_delivery": "90.00", "payout_rate_hub_delivery": "82.00", "created_at": "2026-03-04T10:18:16.605Z", "updated_at": "2026-03-04T10:18:16.605Z"}}, {"model": "sellers.sellerproduct", "pk": 21, "fields": {"seller": 10, "product": 33, "delivery_mode": "own_delivery", "shipping_details": "qqq", "hub_name": "", "hub_address": "", "handover_instructions": "", "payout_rate_own_delivery": "90.00", "payout_rate_hub_delivery": "82.00", "created_at": "2026-03-04T10:18:47.844Z", "updated_at": "2026-03-04T10:18:47.844Z"}}, {"model": "sellers.sellerproduct", "pk": 22, "fields": {"seller": 10, "product": 34, "delivery_mode": "hub_delivery", "shipping_details": "", "hub_name": "chennai", "hub_address": "chennai", "handover_instructions": "", "payout_rate_own_delivery": "90.00", "payout_rate_hub_delivery": "82.00", "created_at": "2026-03-04T10:19:42.028Z", "updated_at": "2026-03-04T10:20:00.736Z"}}, {"model": "sellers.sellerproduct", "pk": 23, "fields": {"seller": 10, "product": 35, "delivery_mode": "own_delivery", "shipping_details": "qqq", "hub_name": "", "hub_address": "", "handover_instructions": "", "payout_rate_own_delivery": "90.00", "payout_rate_hub_delivery": "82.00", "created_at": "2026-03-04T10:20:37.072Z", "updated_at": "2026-03-04T10:20:37.072Z"}}, {"model": "sellers.sellerproduct", "pk": 24, "fields": {"seller": 8, "product": 36, "delivery_mode": "own_delivery", "shipping_details": "www", "hub_name": "", "hub_address": "", "handover_instructions": "", "payout_rate_own_delivery": "90.00", "payout_rate_hub_delivery": "82.00", "created_at": "2026-03-04T10:38:20.479Z", "updated_at": "2026-03-04T10:38:20.479Z"}}, {"model": "sellers.sellerproduct", "pk": 25, "fields": {"seller": 8, "product": 37, "delivery_mode": "own_delivery", "shipping_details": "www", "hub_name": "", "hub_address": "", "handover_instructions": "", "payout_rate_own_delivery": "90.00", "payout_rate_hub_delivery": "82.00", "created_at": "2026-03-04T10:39:10.429Z", "updated_at": "2026-03-04T10:39:10.429Z"}}, {"model": "sellers.sellerproduct", "pk": 26, "fields": {"seller": 8, "product": 38, "delivery_mode": "hub_delivery", "shipping_details": "", "hub_name": "hub", "hub_address": "www", "handover_instructions": "", "payout_rate_own_delivery": "90.00", "payout_rate_hub_delivery": "82.00", "created_at": "2026-03-04T10:40:31.937Z", "updated_at": "2026-03-04T10:40:31.937Z"}}, {"model": "sellers.sellerproduct", "pk": 27, "fields": {"seller": 8, "product": 39, "delivery_mode": "hub_delivery", "shipping_details": "", "hub_name": "hub", "hub_address": "www", "handover_instructions": "", "payout_rate_own_delivery": "90.00", "payout_rate_hub_delivery": "82.00", "created_at": "2026-03-04T10:41:03.547Z", "updated_at": "2026-03-04T10:41:03.547Z"}}, {"model": "sellers.sellerproduct", "pk": 28, "fields": {"seller": 7, "product": 40, "delivery_mode": "own_delivery", "shipping_details": "rrr", "hub_name": "", "hub_address": "", "handover_instructions": "", "payout_rate_own_delivery": "90.00", "payout_rate_hub_delivery": "82.00", "created_at": "2026-03-04T10:44:07.072Z", "updated_at": "2026-03-04T10:44:07.072Z"}}, {"model": "sellers.sellerproduct", "pk": 29, "fields": {"seller": 7, "product": 41, "delivery_mode": "own_delivery", "shipping_details": "rrr", "hub_name": "", "hub_address": "", "handover_instructions": "", "payout_rate_own_delivery": "90.00", "payout_rate_hub_delivery": "82.00", "created_at": "2026-03-04T10:44:29.153Z", "updated_at": "2026-03-04T10:44:29.153Z"}}, {"model": "sellers.sellerproduct", "pk": 30, "fields": {"seller": 7, "product": 42, "delivery_mode": "own_delivery", "shipping_details": "rrr", "hub_name": "", "hub_address": "", "handover_instructions": "", "payout_rate_own_delivery": "90.00", "payout_rate_hub_delivery": "82.00", "created_at": "2026-03-04T10:44:56.994Z", "updated_at": "2026-03-04T10:44:56.994Z"}}, {"model": "sellers.sellerproduct", "pk": 31, "fields": {"seller": 7, "product": 43, "delivery_mode": "hub_delivery", "shipping_details": "", "hub_name": "chennai", "hub_address": "ttt", "handover_instructions": "", "payout_rate_own_delivery": "90.00", "payout_rate_hub_delivery": "82.00", "created_at": "2026-03-04T10:45:36.197Z", "updated_at": "2026-03-04T10:45:36.197Z"}}, {"model": "sellers.sellerproduct", "pk": 32, "fields": {"seller": 7, "product": 44, "delivery_mode": "own_delivery", "shipping_details": "rrr", "hub_name": "", "hub_address": "", "handover_instructions": "", "payout_rate_own_delivery": "90.00", "payout_rate_hub_delivery": "82.00", "created_at": "2026-03-04T10:46:09.052Z", "updated_at": "2026-03-04T10:47:07.815Z"}}, {"model": "sellers.sellerproduct", "pk": 33, "fields": {"seller": 7, "product": 45, "delivery_mode": "own_delivery", "shipping_details": "rrr", "hub_name": "", "hub_address": "", "handover_instructions": "", "payout_rate_own_delivery": "90.00", "payout_rate_hub_delivery": "82.00", "created_at": "2026-03-04T10:46:42.975Z", "updated_at": "2026-03-05T05:16:52.964Z"}}, {"model": "sellers.sellerproduct", "pk": 34, "fields": {"seller": 7, "product": 46, "delivery_mode": "own_delivery", "shipping_details": "rrr", "hub_name": "", "hub_address": "", "handover_instructions": "", "payout_rate_own_delivery": "90.00", "payout_rate_hub_delivery": "82.00", "created_at": "2026-03-04T10:47:31.041Z", "updated_at": "2026-03-06T06:20:49.533Z"}}, {"model": "sellers.sellerproduct", "pk": 37, "fields": {"seller": 7, "product": 49, "delivery_mode": "own_delivery", "shipping_details": "ttt", "hub_name": "", "hub_address": "", "handover_instructions": "", "payout_rate_own_delivery": "90.00", "payout_rate_hub_delivery": "82.00", "created_at": "2026-03-05T05:49:42.912Z", "updated_at": "2026-03-06T06:15:40.418Z"}}, {"model": "sellers.sellerproduct", "pk": 38, "fields": {"seller": 12, "product": 51, "delivery_mode": "hub_delivery", "shipping_details": "", "hub_name": "My karate hub", "hub_address": "vellore", "handover_instructions": "", "payout_rate_own_delivery": "90.00", "payout_rate_hub_delivery": "82.00", "created_at": "2026-03-06T06:28:53.180Z", "updated_at": "2026-03-06T06:28:53.180Z"}}, {"model": "sellers.sellerproduct", "pk": 39, "fields": {"seller": 9, "product": 52, "delivery_mode": "hub_delivery", "shipping_details": "", "hub_name": "abc hub", "hub_address": "Ganapathy", "handover_instructions": "", "payout_rate_own_delivery": "90.00", "payout_rate_hub_delivery": "82.00", "created_at": "2026-03-10T11:11:23.885Z", "updated_at": "2026-03-10T11:11:46.755Z"}}, {"model": "sellers.sellerpayout", "pk": 14, "fields": {"seller": 7, "order_item": 55, "delivery_mode": "own_delivery", "gross_amount": "3999.00", "payout_percentage": "90.00", "payout_amount": "3599.10", "status": "pending", "delivery_status": "delivered", "delivery_status_note": "", "courier_number": "", "courier_slip": "", "delivery_status_updated_by": 8, "delivery_status_updated_at": "2026-03-05T07:44:24.923Z", "paid_at": null, "created_at": "2026-03-04T10:55:27.526Z"}}, {"model": "sellers.sellerpayout", "pk": 15, "fields": {"seller": 8, "order_item": 56, "delivery_mode": "own_delivery", "gross_amount": "799.00", "payout_percentage": "90.00", "payout_amount": "719.10", "status": "pending", "delivery_status": "pending", "delivery_status_note": "", "courier_number": "", "courier_slip": "", "delivery_status_updated_by": null, "delivery_status_updated_at": null, "paid_at": null, "created_at": "2026-03-04T10:55:27.550Z"}}, {"model": "sellers.sellerpayout", "pk": 16, "fields": {"seller": 10, "order_item": 57, "delivery_mode": "hub_delivery", "gross_amount": "1999.00", "payout_percentage": "82.00", "payout_amount": "1639.18", "status": "pending", "delivery_status": "pending", "delivery_status_note": "", "courier_number": "", "courier_slip": "", "delivery_status_updated_by": null, "delivery_status_updated_at": null, "paid_at": null, "created_at": "2026-03-04T10:55:27.570Z"}}, {"model": "sellers.sellerpayout", "pk": 17, "fields": {"seller": 10, "order_item": 58, "delivery_mode": "own_delivery", "gross_amount": "1999.00", "payout_percentage": "90.00", "payout_amount": "1799.10", "status": "pending", "delivery_status": "pending", "delivery_status_note": "", "courier_number": "", "courier_slip": "", "delivery_status_updated_by": null, "delivery_status_updated_at": null, "paid_at": null, "created_at": "2026-03-04T10:55:27.593Z"}}, {"model": "sellers.sellerpayout", "pk": 18, "fields": {"seller": 9, "order_item": 59, "delivery_mode": "hub_delivery", "gross_amount": "200.00", "payout_percentage": "82.00", "payout_amount": "164.00", "status": "pending", "delivery_status": "pending", "delivery_status_note": "", "courier_number": "", "courier_slip": "", "delivery_status_updated_by": 8, "delivery_status_updated_at": "2026-03-10T02:43:45.222Z", "paid_at": null, "created_at": "2026-03-04T10:55:27.604Z"}}, {"model": "sellers.sellerpayout", "pk": 19, "fields": {"seller": 11, "order_item": 60, "delivery_mode": "hub_delivery", "gross_amount": "20.00", "payout_percentage": "82.00", "payout_amount": "16.40", "status": "pending", "delivery_status": "pending", "delivery_status_note": "", "courier_number": "", "courier_slip": "", "delivery_status_updated_by": null, "delivery_status_updated_at": null, "paid_at": null, "created_at": "2026-03-04T10:55:27.617Z"}}, {"model": "sellers.sellerpayout", "pk": 20, "fields": {"seller": 11, "order_item": 61, "delivery_mode": "hub_delivery", "gross_amount": "90.00", "payout_percentage": "82.00", "payout_amount": "73.80", "status": "pending", "delivery_status": "delivered", "delivery_status_note": "", "courier_number": "", "courier_slip": "", "delivery_status_updated_by": 8, "delivery_status_updated_at": "2026-03-05T07:36:06.912Z", "paid_at": null, "created_at": "2026-03-04T11:17:59.133Z"}}, {"model": "sellers.sellerpayout", "pk": 22, "fields": {"seller": 12, "order_item": 63, "delivery_mode": "hub_delivery", "gross_amount": "1000.00", "payout_percentage": "100.00", "payout_amount": "1000.00", "status": "pending", "delivery_status": "pending", "delivery_status_note": "", "courier_number": "", "courier_slip": "", "delivery_status_updated_by": 8, "delivery_status_updated_at": "2026-03-06T05:13:54.410Z", "paid_at": null, "created_at": "2026-03-04T11:17:59.152Z"}}, {"model": "sellers.sellerpayout", "pk": 23, "fields": {"seller": 11, "order_item": 64, "delivery_mode": "own_delivery", "gross_amount": "280.00", "payout_percentage": "90.00", "payout_amount": "252.00", "status": "pending", "delivery_status": "delivered", "delivery_status_note": "", "courier_number": "", "courier_slip": "", "delivery_status_updated_by": 8, "delivery_status_updated_at": "2026-03-05T07:16:50.710Z", "paid_at": null, "created_at": "2026-03-04T11:27:38.618Z"}}, {"model": "sellers.sellerpayout", "pk": 24, "fields": {"seller": 12, "order_item": 65, "delivery_mode": "hub_delivery", "gross_amount": "10000.00", "payout_percentage": "100.00", "payout_amount": "10000.00", "status": "pending", "delivery_status": "pending", "delivery_status_note": "", "courier_number": "", "courier_slip": "", "delivery_status_updated_by": null, "delivery_status_updated_at": null, "paid_at": null, "created_at": "2026-03-04T11:27:38.634Z"}}, {"model": "sellers.sellerpayout", "pk": 26, "fields": {"seller": 7, "order_item": 67, "delivery_mode": "hub_delivery", "gross_amount": "3999.00", "payout_percentage": "82.00", "payout_amount": "3279.18", "status": "pending", "delivery_status": "delivered", "delivery_status_note": "", "courier_number": "", "courier_slip": "", "delivery_status_updated_by": null, "delivery_status_updated_at": "2026-03-05T06:52:57.144Z", "paid_at": null, "created_at": "2026-03-04T11:27:38.678Z"}}, {"model": "sellers.sellerpayout", "pk": 27, "fields": {"seller": 12, "order_item": 68, "delivery_mode": "hub_delivery", "gross_amount": "250.00", "payout_percentage": "100.00", "payout_amount": "250.00", "status": "pending", "delivery_status": "delivered", "delivery_status_note": "", "courier_number": "", "courier_slip": "", "delivery_status_updated_by": 8, "delivery_status_updated_at": "2026-03-05T07:14:56.789Z", "paid_at": null, "created_at": "2026-03-04T11:27:38.693Z"}}, {"model": "sellers.sellerpayout", "pk": 28, "fields": {"seller": 7, "order_item": 69, "delivery_mode": "own_delivery", "gross_amount": "2999.00", "payout_percentage": "90.00", "payout_amount": "2699.10", "status": "pending", "delivery_status": "packed", "delivery_status_note": "", "courier_number": "", "courier_slip": "", "delivery_status_updated_by": null, "delivery_status_updated_at": "2026-03-05T06:52:57.140Z", "paid_at": null, "created_at": "2026-03-05T04:59:57.364Z"}}, {"model": "sellers.sellerpayout", "pk": 29, "fields": {"seller": 10, "order_item": 70, "delivery_mode": "hub_delivery", "gross_amount": "1999.00", "payout_percentage": "82.00", "payout_amount": "1639.18", "status": "pending", "delivery_status": "pending", "delivery_status_note": "", "courier_number": "", "courier_slip": "", "delivery_status_updated_by": 8, "delivery_status_updated_at": "2026-03-10T02:43:45.230Z", "paid_at": null, "created_at": "2026-03-05T04:59:57.398Z"}}, {"model": "sellers.sellerpayout", "pk": 30, "fields": {"seller": 11, "order_item": 71, "delivery_mode": "hub_delivery", "gross_amount": "50.00", "payout_percentage": "82.00", "payout_amount": "41.00", "status": "pending", "delivery_status": "pending", "delivery_status_note": "", "courier_number": "", "courier_slip": "", "delivery_status_updated_by": 8, "delivery_status_updated_at": "2026-03-10T02:43:45.234Z", "paid_at": null, "created_at": "2026-03-05T04:59:57.418Z"}}, {"model": "sellers.sellerpayout", "pk": 31, "fields": {"seller": 12, "order_item": 72, "delivery_mode": "hub_delivery", "gross_amount": "1000.00", "payout_percentage": "100.00", "payout_amount": "1000.00", "status": "pending", "delivery_status": "delivered", "delivery_status_note": "", "courier_number": "", "courier_slip": "", "delivery_status_updated_by": null, "delivery_status_updated_at": "2026-03-05T06:52:57.128Z", "paid_at": null, "created_at": "2026-03-05T05:24:07.466Z"}}, {"model": "sellers.sellerpayout", "pk": 32, "fields": {"seller": 7, "order_item": 73, "delivery_mode": "own_delivery", "gross_amount": "8000.00", "payout_percentage": "90.00", "payout_amount": "7200.00", "status": "pending", "delivery_status": "delivered", "delivery_status_note": "", "courier_number": "", "courier_slip": "", "delivery_status_updated_by": null, "delivery_status_updated_at": "2026-03-05T06:56:39.729Z", "paid_at": null, "created_at": "2026-03-05T05:52:24.124Z"}}, {"model": "sellers.sellerpayout", "pk": 33, "fields": {"seller": 7, "order_item": 74, "delivery_mode": "own_delivery", "gross_amount": "8000.00", "payout_percentage": "90.00", "payout_amount": "7200.00", "status": "pending", "delivery_status": "delivered", "delivery_status_note": "", "courier_number": "", "courier_slip": "", "delivery_status_updated_by": null, "delivery_status_updated_at": "2026-03-05T06:52:57.125Z", "paid_at": null, "created_at": "2026-03-05T05:55:46.473Z"}}, {"model": "sellers.sellerpayout", "pk": 34, "fields": {"seller": 7, "order_item": 75, "delivery_mode": "own_delivery", "gross_amount": "8000.00", "payout_percentage": "90.00", "payout_amount": "7200.00", "status": "pending", "delivery_status": "delivered", "delivery_status_note": "", "courier_number": "", "courier_slip": "", "delivery_status_updated_by": null, "delivery_status_updated_at": "2026-03-05T06:54:10.322Z", "paid_at": null, "created_at": "2026-03-05T06:02:38.711Z"}}, {"model": "sellers.sellerpayout", "pk": 35, "fields": {"seller": 12, "order_item": 76, "delivery_mode": "hub_delivery", "gross_amount": "10000.00", "payout_percentage": "100.00", "payout_amount": "10000.00", "status": "pending", "delivery_status": "pending", "delivery_status_note": "", "courier_number": "", "courier_slip": "", "delivery_status_updated_by": null, "delivery_status_updated_at": null, "paid_at": null, "created_at": "2026-03-05T07:26:07.749Z"}}, {"model": "sellers.sellerpayout", "pk": 36, "fields": {"seller": 10, "order_item": 77, "delivery_mode": "own_delivery", "gross_amount": "1999.00", "payout_percentage": "90.00", "payout_amount": "1799.10", "status": "pending", "delivery_status": "pending", "delivery_status_note": "", "courier_number": "", "courier_slip": "", "delivery_status_updated_by": null, "delivery_status_updated_at": null, "paid_at": null, "created_at": "2026-03-05T07:26:07.765Z"}}, {"model": "sellers.sellerpayout", "pk": 37, "fields": {"seller": 12, "order_item": 78, "delivery_mode": "hub_delivery", "gross_amount": "10000.00", "payout_percentage": "100.00", "payout_amount": "10000.00", "status": "pending", "delivery_status": "pending", "delivery_status_note": "", "courier_number": "", "courier_slip": "", "delivery_status_updated_by": null, "delivery_status_updated_at": null, "paid_at": null, "created_at": "2026-03-05T09:57:31.898Z"}}, {"model": "sellers.sellerpayout", "pk": 38, "fields": {"seller": 12, "order_item": 79, "delivery_mode": "hub_delivery", "gross_amount": "20000.00", "payout_percentage": "100.00", "payout_amount": "20000.00", "status": "pending", "delivery_status": "pending", "delivery_status_note": "", "courier_number": "", "courier_slip": "", "delivery_status_updated_by": null, "delivery_status_updated_at": null, "paid_at": null, "created_at": "2026-03-05T11:26:46.441Z"}}, {"model": "sellers.sellerpayout", "pk": 41, "fields": {"seller": 12, "order_item": 82, "delivery_mode": "hub_delivery", "gross_amount": "10000.00", "payout_percentage": "100.00", "payout_amount": "10000.00", "status": "pending", "delivery_status": "pending", "delivery_status_note": "", "courier_number": "", "courier_slip": "", "delivery_status_updated_by": null, "delivery_status_updated_at": null, "paid_at": null, "created_at": "2026-03-06T11:05:22.554Z"}}, {"model": "sellers.sellerpayout", "pk": 42, "fields": {"seller": 9, "order_item": 83, "delivery_mode": "hub_delivery", "gross_amount": "200.00", "payout_percentage": "82.00", "payout_amount": "164.00", "status": "pending", "delivery_status": "delivered", "delivery_status_note": "", "courier_number": "", "courier_slip": "", "delivery_status_updated_by": 16, "delivery_status_updated_at": "2026-03-07T08:02:55.677Z", "paid_at": null, "created_at": "2026-03-06T11:05:22.595Z"}}, {"model": "sellers.sellerpayout", "pk": 43, "fields": {"seller": 10, "order_item": 84, "delivery_mode": "hub_delivery", "gross_amount": "1999.00", "payout_percentage": "82.00", "payout_amount": "1639.18", "status": "pending", "delivery_status": "pending", "delivery_status_note": "", "courier_number": "", "courier_slip": "", "delivery_status_updated_by": null, "delivery_status_updated_at": null, "paid_at": null, "created_at": "2026-03-06T13:02:38.719Z"}}, {"model": "sellers.sellerpayout", "pk": 44, "fields": {"seller": 10, "order_item": 85, "delivery_mode": "hub_delivery", "gross_amount": "1999.00", "payout_percentage": "82.00", "payout_amount": "1639.18", "status": "pending", "delivery_status": "pending", "delivery_status_note": "", "courier_number": "", "courier_slip": "", "delivery_status_updated_by": null, "delivery_status_updated_at": null, "paid_at": null, "created_at": "2026-03-06T16:25:52.659Z"}}, {"model": "sellers.sellerpayout", "pk": 45, "fields": {"seller": 7, "order_item": 86, "delivery_mode": "own_delivery", "gross_amount": "3999.00", "payout_percentage": "90.00", "payout_amount": "3599.10", "status": "pending", "delivery_status": "pending", "delivery_status_note": "", "courier_number": "", "courier_slip": "", "delivery_status_updated_by": null, "delivery_status_updated_at": null, "paid_at": null, "created_at": "2026-03-06T16:25:52.675Z"}}, {"model": "sellers.sellerpayout", "pk": 46, "fields": {"seller": 7, "order_item": 87, "delivery_mode": "own_delivery", "gross_amount": "3000.00", "payout_percentage": "90.00", "payout_amount": "2700.00", "status": "pending", "delivery_status": "delivered", "delivery_status_note": "", "courier_number": "", "courier_slip": "", "delivery_status_updated_by": 8, "delivery_status_updated_at": "2026-03-07T09:48:12.665Z", "paid_at": null, "created_at": "2026-03-07T05:17:43.441Z"}}, {"model": "sellers.sellerpayout", "pk": 47, "fields": {"seller": 12, "order_item": 88, "delivery_mode": "hub_delivery", "gross_amount": "90.00", "payout_percentage": "82.00", "payout_amount": "73.80", "status": "pending", "delivery_status": "pending", "delivery_status_note": "", "courier_number": "", "courier_slip": "", "delivery_status_updated_by": null, "delivery_status_updated_at": null, "paid_at": null, "created_at": "2026-03-07T05:18:20.589Z"}}, {"model": "sellers.sellerpayout", "pk": 48, "fields": {"seller": 8, "order_item": 89, "delivery_mode": "own_delivery", "gross_amount": "799.00", "payout_percentage": "90.00", "payout_amount": "719.10", "status": "pending", "delivery_status": "pending", "delivery_status_note": "", "courier_number": "", "courier_slip": "", "delivery_status_updated_by": null, "delivery_status_updated_at": null, "paid_at": null, "created_at": "2026-03-07T06:59:50.852Z"}}, {"model": "sellers.sellerpayout", "pk": 49, "fields": {"seller": 7, "order_item": 90, "delivery_mode": "own_delivery", "gross_amount": "3999.00", "payout_percentage": "90.00", "payout_amount": "3599.10", "status": "pending", "delivery_status": "delivered", "delivery_status_note": "", "courier_number": "", "courier_slip": "", "delivery_status_updated_by": 8, "delivery_status_updated_at": "2026-03-07T09:43:01.686Z", "paid_at": null, "created_at": "2026-03-07T07:04:50.454Z"}}, {"model": "sellers.sellerpayout", "pk": 50, "fields": {"seller": 8, "order_item": 91, "delivery_mode": "hub_delivery", "gross_amount": "499.00", "payout_percentage": "82.00", "payout_amount": "409.18", "status": "pending", "delivery_status": "pending", "delivery_status_note": "", "courier_number": "", "courier_slip": "", "delivery_status_updated_by": null, "delivery_status_updated_at": null, "paid_at": null, "created_at": "2026-03-09T06:15:59.233Z"}}, {"model": "sellers.sellerpayout", "pk": 51, "fields": {"seller": 9, "order_item": 92, "delivery_mode": "own_delivery", "gross_amount": "300.00", "payout_percentage": "90.00", "payout_amount": "270.00", "status": "pending", "delivery_status": "pending", "delivery_status_note": "", "courier_number": "", "courier_slip": "", "delivery_status_updated_by": null, "delivery_status_updated_at": null, "paid_at": null, "created_at": "2026-03-09T10:16:50.298Z"}}, {"model": "sellers.sellerpayout", "pk": 52, "fields": {"seller": 7, "order_item": 93, "delivery_mode": "hub_delivery", "gross_amount": "3999.00", "payout_percentage": "82.00", "payout_amount": "3279.18", "status": "pending", "delivery_status": "pending", "delivery_status_note": "", "courier_number": "", "courier_slip": "", "delivery_status_updated_by": null, "delivery_status_updated_at": null, "paid_at": null, "created_at": "2026-03-09T10:53:07.414Z"}}, {"model": "sellers.sellerpayout", "pk": 53, "fields": {"seller": 12, "order_item": 94, "delivery_mode": "hub_delivery", "gross_amount": "250.00", "payout_percentage": "100.00", "payout_amount": "250.00", "status": "pending", "delivery_status": "pending", "delivery_status_note": "", "courier_number": "", "courier_slip": "", "delivery_status_updated_by": null, "delivery_status_updated_at": null, "paid_at": null, "created_at": "2026-03-09T10:57:04.808Z"}}, {"model": "sellers.sellerpayout", "pk": 54, "fields": {"seller": 12, "order_item": 95, "delivery_mode": "hub_delivery", "gross_amount": "90.00", "payout_percentage": "82.00", "payout_amount": "73.80", "status": "processing", "delivery_status": "delivered", "delivery_status_note": "", "courier_number": "", "courier_slip": "", "delivery_status_updated_by": 8, "delivery_status_updated_at": "2026-03-10T02:43:45.214Z", "paid_at": null, "created_at": "2026-03-10T02:30:19.961Z"}}, {"model": "sellers.sellerpayout", "pk": 55, "fields": {"seller": 12, "order_item": 96, "delivery_mode": "hub_delivery", "gross_amount": "2999.00", "payout_percentage": "100.00", "payout_amount": "2999.00", "status": "pending", "delivery_status": "out_for_delivery", "delivery_status_note": "", "courier_number": "", "courier_slip": "", "delivery_status_updated_by": 8, "delivery_status_updated_at": "2026-03-10T02:43:45.206Z", "paid_at": null, "created_at": "2026-03-10T02:30:19.992Z"}}, {"model": "sellers.sellerpayout", "pk": 56, "fields": {"seller": 7, "order_item": 97, "delivery_mode": "own_delivery", "gross_amount": "3000.00", "payout_percentage": "90.00", "payout_amount": "2700.00", "status": "pending", "delivery_status": "pending", "delivery_status_note": "", "courier_number": "", "courier_slip": "", "delivery_status_updated_by": null, "delivery_status_updated_at": null, "paid_at": null, "created_at": "2026-03-10T02:30:20.004Z"}}, {"model": "sellers.sellerpayout", "pk": 57, "fields": {"seller": 7, "order_item": 98, "delivery_mode": "own_delivery", "gross_amount": "3999.00", "payout_percentage": "90.00", "payout_amount": "3599.10", "status": "pending", "delivery_status": "pending", "delivery_status_note": "", "courier_number": "", "courier_slip": "", "delivery_status_updated_by": null, "delivery_status_updated_at": null, "paid_at": null, "created_at": "2026-03-10T02:30:20.020Z"}}, {"model": "sellers.sellerpayout", "pk": 58, "fields": {"seller": 8, "order_item": 99, "delivery_mode": "hub_delivery", "gross_amount": "499.00", "payout_percentage": "82.00", "payout_amount": "409.18", "status": "processing", "delivery_status": "delivered", "delivery_status_note": "", "courier_number": "", "courier_slip": "", "delivery_status_updated_by": 8, "delivery_status_updated_at": "2026-03-10T02:43:45.190Z", "paid_at": null, "created_at": "2026-03-10T02:30:20.028Z"}}, {"model": "sellers.sellerpayout", "pk": 59, "fields": {"seller": 10, "order_item": 100, "delivery_mode": "hub_delivery", "gross_amount": "1999.00", "payout_percentage": "82.00", "payout_amount": "1639.18", "status": "pending", "delivery_status": "out_for_delivery", "delivery_status_note": "", "courier_number": "", "courier_slip": "", "delivery_status_updated_by": 8, "delivery_status_updated_at": "2026-03-10T02:43:45.190Z", "paid_at": null, "created_at": "2026-03-10T02:30:20.058Z"}}, {"model": "sellers.sellerpayout", "pk": 60, "fields": {"seller": 10, "order_item": 101, "delivery_mode": "own_delivery", "gross_amount": "1999.00", "payout_percentage": "90.00", "payout_amount": "1799.10", "status": "pending", "delivery_status": "pending", "delivery_status_note": "", "courier_number": "", "courier_slip": "", "delivery_status_updated_by": null, "delivery_status_updated_at": null, "paid_at": null, "created_at": "2026-03-10T02:30:20.071Z"}}, {"model": "sellers.sellerpayout", "pk": 61, "fields": {"seller": 9, "order_item": 102, "delivery_mode": "own_delivery", "gross_amount": "300.00", "payout_percentage": "90.00", "payout_amount": "270.00", "status": "pending", "delivery_status": "pending", "delivery_status_note": "", "courier_number": "", "courier_slip": "", "delivery_status_updated_by": null, "delivery_status_updated_at": null, "paid_at": null, "created_at": "2026-03-10T02:30:20.080Z"}}, {"model": "sellers.sellerpayout", "pk": 62, "fields": {"seller": 11, "order_item": 103, "delivery_mode": "hub_delivery", "gross_amount": "50.00", "payout_percentage": "82.00", "payout_amount": "41.00", "status": "pending", "delivery_status": "at_hub", "delivery_status_note": "", "courier_number": "", "courier_slip": "", "delivery_status_updated_by": 8, "delivery_status_updated_at": "2026-03-10T02:43:45.173Z", "paid_at": null, "created_at": "2026-03-10T02:30:20.096Z"}}, {"model": "sellers.sellerpayout", "pk": 63, "fields": {"seller": 11, "order_item": 104, "delivery_mode": "own_delivery", "gross_amount": "150.00", "payout_percentage": "90.00", "payout_amount": "135.00", "status": "pending", "delivery_status": "delivered", "delivery_status_note": "", "courier_number": "", "courier_slip": "", "delivery_status_updated_by": 8, "delivery_status_updated_at": "2026-03-10T02:48:37.787Z", "paid_at": null, "created_at": "2026-03-10T02:30:20.116Z"}}, {"model": "sellers.sellerpayout", "pk": 64, "fields": {"seller": 2, "order_item": 105, "delivery_mode": "own_delivery", "gross_amount": "500.00", "payout_percentage": "90.00", "payout_amount": "450.00", "status": "pending", "delivery_status": "shipped", "delivery_status_note": "", "courier_number": "", "courier_slip": "", "delivery_status_updated_by": 8, "delivery_status_updated_at": "2026-03-10T02:45:10.024Z", "paid_at": null, "created_at": "2026-03-10T02:30:20.133Z"}}, {"model": "sellers.sellerpayout", "pk": 65, "fields": {"seller": 12, "order_item": 106, "delivery_mode": "hub_delivery", "gross_amount": "5000.00", "payout_percentage": "100.00", "payout_amount": "5000.00", "status": "pending", "delivery_status": "handed_to_hub", "delivery_status_note": "", "courier_number": "", "courier_slip": "", "delivery_status_updated_by": 8, "delivery_status_updated_at": "2026-03-10T02:43:45.168Z", "paid_at": null, "created_at": "2026-03-10T02:30:20.143Z"}}, {"model": "sellers.sellerpayout", "pk": 66, "fields": {"seller": 9, "order_item": 107, "delivery_mode": "hub_delivery", "gross_amount": "1000.00", "payout_percentage": "82.00", "payout_amount": "820.00", "status": "processing", "delivery_status": "delivered", "delivery_status_note": "", "courier_number": "", "courier_slip": "", "delivery_status_updated_by": 8, "delivery_status_updated_at": "2026-03-10T06:32:51.756Z", "paid_at": null, "created_at": "2026-03-10T06:29:16.117Z"}}, {"model": "sellers.sellerpayout", "pk": 67, "fields": {"seller": 2, "order_item": 108, "delivery_mode": "hub_delivery", "gross_amount": "1500.00", "payout_percentage": "82.00", "payout_amount": "1230.00", "status": "processing", "delivery_status": "delivered", "delivery_status_note": "", "courier_number": "", "courier_slip": "", "delivery_status_updated_by": 8, "delivery_status_updated_at": "2026-03-10T07:12:44.234Z", "paid_at": null, "created_at": "2026-03-10T07:11:13.901Z"}}, {"model": "sellers.sellerpayout", "pk": 68, "fields": {"seller": 12, "order_item": 109, "delivery_mode": "hub_delivery", "gross_amount": "65000.00", "payout_percentage": "100.00", "payout_amount": "65000.00", "status": "processing", "delivery_status": "delivered", "delivery_status_note": "", "courier_number": "", "courier_slip": "", "delivery_status_updated_by": 8, "delivery_status_updated_at": "2026-03-10T07:12:09.981Z", "paid_at": null, "created_at": "2026-03-10T07:11:13.933Z"}}, {"model": "sellers.sellerpayout", "pk": 69, "fields": {"seller": 7, "order_item": 110, "delivery_mode": "own_delivery", "gross_amount": "7200.00", "payout_percentage": "90.00", "payout_amount": "6480.00", "status": "pending", "delivery_status": "pending", "delivery_status_note": "", "courier_number": "", "courier_slip": "", "delivery_status_updated_by": null, "delivery_status_updated_at": null, "paid_at": null, "created_at": "2026-03-10T07:17:03.990Z"}}, {"model": "sellers.sellerpayout", "pk": 70, "fields": {"seller": 12, "order_item": 111, "delivery_mode": "hub_delivery", "gross_amount": "90.00", "payout_percentage": "82.00", "payout_amount": "73.80", "status": "pending", "delivery_status": "pending", "delivery_status_note": "", "courier_number": "", "courier_slip": "", "delivery_status_updated_by": null, "delivery_status_updated_at": null, "paid_at": null, "created_at": "2026-03-10T10:55:30.492Z"}}, {"model": "sellers.sellerpayout", "pk": 71, "fields": {"seller": 12, "order_item": 112, "delivery_mode": "hub_delivery", "gross_amount": "90.00", "payout_percentage": "82.00", "payout_amount": "73.80", "status": "pending", "delivery_status": "pending", "delivery_status_note": "", "courier_number": "", "courier_slip": "", "delivery_status_updated_by": null, "delivery_status_updated_at": null, "paid_at": null, "created_at": "2026-03-10T10:55:33.075Z"}}, {"model": "sellers.sellerpayout", "pk": 72, "fields": {"seller": 12, "order_item": 113, "delivery_mode": "hub_delivery", "gross_amount": "90.00", "payout_percentage": "82.00", "payout_amount": "73.80", "status": "pending", "delivery_status": "pending", "delivery_status_note": "", "courier_number": "", "courier_slip": "", "delivery_status_updated_by": null, "delivery_status_updated_at": null, "paid_at": null, "created_at": "2026-03-10T10:55:38.101Z"}}, {"model": "sellers.sellerpayout", "pk": 73, "fields": {"seller": 12, "order_item": 114, "delivery_mode": "hub_delivery", "gross_amount": "90.00", "payout_percentage": "82.00", "payout_amount": "73.80", "status": "pending", "delivery_status": "pending", "delivery_status_note": "", "courier_number": "", "courier_slip": "", "delivery_status_updated_by": null, "delivery_status_updated_at": null, "paid_at": null, "created_at": "2026-03-10T10:55:39.394Z"}}, {"model": "sellers.sellerpayout", "pk": 74, "fields": {"seller": 12, "order_item": 115, "delivery_mode": "hub_delivery", "gross_amount": "90.00", "payout_percentage": "82.00", "payout_amount": "73.80", "status": "pending", "delivery_status": "pending", "delivery_status_note": "", "courier_number": "", "courier_slip": "", "delivery_status_updated_by": null, "delivery_status_updated_at": null, "paid_at": null, "created_at": "2026-03-10T10:55:40.230Z"}}, {"model": "sellers.sellerpayout", "pk": 75, "fields": {"seller": 12, "order_item": 116, "delivery_mode": "hub_delivery", "gross_amount": "90.00", "payout_percentage": "82.00", "payout_amount": "73.80", "status": "pending", "delivery_status": "pending", "delivery_status_note": "", "courier_number": "", "courier_slip": "", "delivery_status_updated_by": null, "delivery_status_updated_at": null, "paid_at": null, "created_at": "2026-03-10T10:55:43.978Z"}}, {"model": "sellers.sellerpayout", "pk": 76, "fields": {"seller": 12, "order_item": 117, "delivery_mode": "hub_delivery", "gross_amount": "90.00", "payout_percentage": "82.00", "payout_amount": "73.80", "status": "pending", "delivery_status": "pending", "delivery_status_note": "", "courier_number": "", "courier_slip": "", "delivery_status_updated_by": null, "delivery_status_updated_at": null, "paid_at": null, "created_at": "2026-03-10T10:55:44.472Z"}}, {"model": "sellers.sellerpayout", "pk": 77, "fields": {"seller": 12, "order_item": 118, "delivery_mode": "hub_delivery", "gross_amount": "90.00", "payout_percentage": "82.00", "payout_amount": "73.80", "status": "pending", "delivery_status": "pending", "delivery_status_note": "", "courier_number": "", "courier_slip": "", "delivery_status_updated_by": null, "delivery_status_updated_at": null, "paid_at": null, "created_at": "2026-03-10T10:55:44.825Z"}}, {"model": "sellers.sellerpayout", "pk": 78, "fields": {"seller": 12, "order_item": 119, "delivery_mode": "hub_delivery", "gross_amount": "90.00", "payout_percentage": "82.00", "payout_amount": "73.80", "status": "pending", "delivery_status": "pending", "delivery_status_note": "", "courier_number": "", "courier_slip": "", "delivery_status_updated_by": null, "delivery_status_updated_at": null, "paid_at": null, "created_at": "2026-03-10T10:59:00.102Z"}}, {"model": "sellers.sellerpayout", "pk": 79, "fields": {"seller": 12, "order_item": 120, "delivery_mode": "hub_delivery", "gross_amount": "90.00", "payout_percentage": "82.00", "payout_amount": "73.80", "status": "pending", "delivery_status": "pending", "delivery_status_note": "", "courier_number": "", "courier_slip": "", "delivery_status_updated_by": null, "delivery_status_updated_at": null, "paid_at": null, "created_at": "2026-03-10T10:59:02.992Z"}}, {"model": "sellers.sellerpayout", "pk": 80, "fields": {"seller": 12, "order_item": 121, "delivery_mode": "hub_delivery", "gross_amount": "90.00", "payout_percentage": "82.00", "payout_amount": "73.80", "status": "pending", "delivery_status": "pending", "delivery_status_note": "", "courier_number": "", "courier_slip": "", "delivery_status_updated_by": null, "delivery_status_updated_at": null, "paid_at": null, "created_at": "2026-03-10T10:59:04.634Z"}}, {"model": "sellers.sellerpayout", "pk": 81, "fields": {"seller": 12, "order_item": 122, "delivery_mode": "hub_delivery", "gross_amount": "90.00", "payout_percentage": "82.00", "payout_amount": "73.80", "status": "pending", "delivery_status": "pending", "delivery_status_note": "", "courier_number": "", "courier_slip": "", "delivery_status_updated_by": null, "delivery_status_updated_at": null, "paid_at": null, "created_at": "2026-03-10T10:59:36.067Z"}}, {"model": "sellers.sellerpayout", "pk": 82, "fields": {"seller": 12, "order_item": 123, "delivery_mode": "hub_delivery", "gross_amount": "90.00", "payout_percentage": "82.00", "payout_amount": "73.80", "status": "pending", "delivery_status": "pending", "delivery_status_note": "", "courier_number": "", "courier_slip": "", "delivery_status_updated_by": null, "delivery_status_updated_at": null, "paid_at": null, "created_at": "2026-03-10T10:59:37.810Z"}}, {"model": "sellers.sellerpayout", "pk": 83, "fields": {"seller": 12, "order_item": 124, "delivery_mode": "hub_delivery", "gross_amount": "90.00", "payout_percentage": "82.00", "payout_amount": "73.80", "status": "pending", "delivery_status": "pending", "delivery_status_note": "", "courier_number": "", "courier_slip": "", "delivery_status_updated_by": null, "delivery_status_updated_at": null, "paid_at": null, "created_at": "2026-03-10T11:01:30.302Z"}}, {"model": "sellers.sellerpayout", "pk": 84, "fields": {"seller": 9, "order_item": 125, "delivery_mode": "hub_delivery", "gross_amount": "1.00", "payout_percentage": "82.00", "payout_amount": "0.82", "status": "pending", "delivery_status": "pending", "delivery_status_note": "", "courier_number": "", "courier_slip": "", "delivery_status_updated_by": null, "delivery_status_updated_at": null, "paid_at": null, "created_at": "2026-03-10T11:13:21.919Z"}}, {"model": "sellers.sellerpayout", "pk": 85, "fields": {"seller": 12, "order_item": 126, "delivery_mode": "hub_delivery", "gross_amount": "10000.00", "payout_percentage": "100.00", "payout_amount": "10000.00", "status": "pending", "delivery_status": "pending", "delivery_status_note": "", "courier_number": "", "courier_slip": "", "delivery_status_updated_by": null, "delivery_status_updated_at": null, "paid_at": null, "created_at": "2026-03-10T13:41:55.176Z"}}, {"model": "sellers.sellerpayout", "pk": 86, "fields": {"seller": 12, "order_item": 127, "delivery_mode": "hub_delivery", "gross_amount": "10000.00", "payout_percentage": "100.00", "payout_amount": "10000.00", "status": "pending", "delivery_status": "pending", "delivery_status_note": "", "courier_number": "", "courier_slip": "", "delivery_status_updated_by": null, "delivery_status_updated_at": null, "paid_at": null, "created_at": "2026-03-10T13:43:25.847Z"}}, {"model": "sellers.sellerpayout", "pk": 87, "fields": {"seller": 12, "order_item": 128, "delivery_mode": "hub_delivery", "gross_amount": "10000.00", "payout_percentage": "100.00", "payout_amount": "10000.00", "status": "pending", "delivery_status": "pending", "delivery_status_note": "", "courier_number": "", "courier_slip": "", "delivery_status_updated_by": null, "delivery_status_updated_at": null, "paid_at": null, "created_at": "2026-03-10T13:57:26.561Z"}}, {"model": "sellers.sellerpayout", "pk": 88, "fields": {"seller": 12, "order_item": 129, "delivery_mode": "hub_delivery", "gross_amount": "10000.00", "payout_percentage": "100.00", "payout_amount": "10000.00", "status": "pending", "delivery_status": "pending", "delivery_status_note": "", "courier_number": "", "courier_slip": "", "delivery_status_updated_by": null, "delivery_status_updated_at": null, "paid_at": null, "created_at": "2026-03-10T13:59:11.673Z"}}, {"model": "sellers.sellerpayout", "pk": 89, "fields": {"seller": 12, "order_item": 130, "delivery_mode": "hub_delivery", "gross_amount": "85000.00", "payout_percentage": "100.00", "payout_amount": "85000.00", "status": "pending", "delivery_status": "pending", "delivery_status_note": "", "courier_number": "", "courier_slip": "", "delivery_status_updated_by": null, "delivery_status_updated_at": null, "paid_at": null, "created_at": "2026-03-10T14:00:53.105Z"}}, {"model": "sellers.sellerpayout", "pk": 90, "fields": {"seller": 9, "order_item": 131, "delivery_mode": "hub_delivery", "gross_amount": "200.00", "payout_percentage": "82.00", "payout_amount": "164.00", "status": "pending", "delivery_status": "pending", "delivery_status_note": "", "courier_number": "", "courier_slip": "", "delivery_status_updated_by": null, "delivery_status_updated_at": null, "paid_at": null, "created_at": "2026-03-10T14:27:21.465Z"}}, {"model": "sellers.sellerpayout", "pk": 91, "fields": {"seller": 9, "order_item": 132, "delivery_mode": "hub_delivery", "gross_amount": "200.00", "payout_percentage": "82.00", "payout_amount": "164.00", "status": "pending", "delivery_status": "pending", "delivery_status_note": "", "courier_number": "", "courier_slip": "", "delivery_status_updated_by": null, "delivery_status_updated_at": null, "paid_at": null, "created_at": "2026-03-10T14:34:37.690Z"}}, {"model": "sellers.sellerpayout", "pk": 92, "fields": {"seller": 9, "order_item": 133, "delivery_mode": "hub_delivery", "gross_amount": "200.00", "payout_percentage": "82.00", "payout_amount": "164.00", "status": "pending", "delivery_status": "pending", "delivery_status_note": "", "courier_number": "", "courier_slip": "", "delivery_status_updated_by": null, "delivery_status_updated_at": null, "paid_at": null, "created_at": "2026-03-10T14:53:49.795Z"}}, {"model": "sellers.sellerpayout", "pk": 93, "fields": {"seller": 9, "order_item": 134, "delivery_mode": "hub_delivery", "gross_amount": "200.00", "payout_percentage": "82.00", "payout_amount": "164.00", "status": "pending", "delivery_status": "pending", "delivery_status_note": "", "courier_number": "", "courier_slip": "", "delivery_status_updated_by": null, "delivery_status_updated_at": null, "paid_at": null, "created_at": "2026-03-10T15:03:12.103Z"}}, {"model": "sellers.sellerpayout", "pk": 94, "fields": {"seller": 9, "order_item": 135, "delivery_mode": "hub_delivery", "gross_amount": "200.00", "payout_percentage": "82.00", "payout_amount": "164.00", "status": "pending", "delivery_status": "pending", "delivery_status_note": "", "courier_number": "", "courier_slip": "", "delivery_status_updated_by": null, "delivery_status_updated_at": null, "paid_at": null, "created_at": "2026-03-10T15:10:02.276Z"}}, {"model": "sellers.sellerpayout", "pk": 95, "fields": {"seller": 9, "order_item": 136, "delivery_mode": "hub_delivery", "gross_amount": "200.00", "payout_percentage": "82.00", "payout_amount": "164.00", "status": "pending", "delivery_status": "pending", "delivery_status_note": "", "courier_number": "", "courier_slip": "", "delivery_status_updated_by": null, "delivery_status_updated_at": null, "paid_at": null, "created_at": "2026-03-10T15:18:41.571Z"}}, {"model": "sellers.sellerpayout", "pk": 96, "fields": {"seller": 7, "order_item": 137, "delivery_mode": "own_delivery", "gross_amount": "7200.00", "payout_percentage": "90.00", "payout_amount": "6480.00", "status": "pending", "delivery_status": "pending", "delivery_status_note": "", "courier_number": "", "courier_slip": "", "delivery_status_updated_by": null, "delivery_status_updated_at": null, "paid_at": null, "created_at": "2026-03-10T15:50:31.630Z"}}, {"model": "sellers.sellerpayout", "pk": 97, "fields": {"seller": 11, "order_item": 138, "delivery_mode": "hub_delivery", "gross_amount": "170.00", "payout_percentage": "82.00", "payout_amount": "139.40", "status": "pending", "delivery_status": "out_for_delivery", "delivery_status_note": "", "courier_number": "", "courier_slip": "", "delivery_status_updated_by": 8, "delivery_status_updated_at": "2026-03-11T05:31:15.048Z", "paid_at": null, "created_at": "2026-03-11T04:44:31.436Z"}}, {"model": "sellers.sellerpayout", "pk": 98, "fields": {"seller": 7, "order_item": 139, "delivery_mode": "own_delivery", "gross_amount": "3999.00", "payout_percentage": "90.00", "payout_amount": "3599.10", "status": "pending", "delivery_status": "pending", "delivery_status_note": "", "courier_number": "", "courier_slip": "", "delivery_status_updated_by": null, "delivery_status_updated_at": null, "paid_at": null, "created_at": "2026-03-11T05:14:17.966Z"}}, {"model": "sellers.sellerpayout", "pk": 99, "fields": {"seller": 10, "order_item": 140, "delivery_mode": "own_delivery", "gross_amount": "1999.00", "payout_percentage": "90.00", "payout_amount": "1799.10", "status": "pending", "delivery_status": "pending", "delivery_status_note": "", "courier_number": "", "courier_slip": "", "delivery_status_updated_by": null, "delivery_status_updated_at": null, "paid_at": null, "created_at": "2026-03-11T05:37:59.130Z"}}, {"model": "sellers.sellerpayout", "pk": 100, "fields": {"seller": 10, "order_item": 141, "delivery_mode": "own_delivery", "gross_amount": "1999.00", "payout_percentage": "90.00", "payout_amount": "1799.10", "status": "pending", "delivery_status": "pending", "delivery_status_note": "", "courier_number": "", "courier_slip": "", "delivery_status_updated_by": null, "delivery_status_updated_at": null, "paid_at": null, "created_at": "2026-03-11T05:42:17.029Z"}}, {"model": "sellers.sellerpayout", "pk": 101, "fields": {"seller": 7, "order_item": 142, "delivery_mode": "own_delivery", "gross_amount": "1999.00", "payout_percentage": "90.00", "payout_amount": "1799.10", "status": "pending", "delivery_status": "pending", "delivery_status_note": "", "courier_number": "", "courier_slip": "", "delivery_status_updated_by": null, "delivery_status_updated_at": null, "paid_at": null, "created_at": "2026-03-11T06:35:34.808Z"}}, {"model": "sellers.sellerpayout", "pk": 102, "fields": {"seller": 12, "order_item": 143, "delivery_mode": "hub_delivery", "gross_amount": "90.00", "payout_percentage": "82.00", "payout_amount": "73.80", "status": "pending", "delivery_status": "pending", "delivery_status_note": "", "courier_number": "", "courier_slip": "", "delivery_status_updated_by": null, "delivery_status_updated_at": null, "paid_at": null, "created_at": "2026-03-11T06:48:47.229Z"}}, {"model": "sellers.sellerpayout", "pk": 103, "fields": {"seller": 12, "order_item": 144, "delivery_mode": "hub_delivery", "gross_amount": "10000.00", "payout_percentage": "100.00", "payout_amount": "10000.00", "status": "pending", "delivery_status": "pending", "delivery_status_note": "", "courier_number": "", "courier_slip": "", "delivery_status_updated_by": null, "delivery_status_updated_at": null, "paid_at": null, "created_at": "2026-03-11T07:23:13.192Z"}}, {"model": "sellers.sellerpayout", "pk": 104, "fields": {"seller": 7, "order_item": 145, "delivery_mode": "hub_delivery", "gross_amount": "3999.00", "payout_percentage": "82.00", "payout_amount": "3279.18", "status": "pending", "delivery_status": "pending", "delivery_status_note": "", "courier_number": "", "courier_slip": "", "delivery_status_updated_by": null, "delivery_status_updated_at": null, "paid_at": null, "created_at": "2026-03-11T07:30:21.289Z"}}, {"model": "sellers.sellerpayout", "pk": 105, "fields": {"seller": 7, "order_item": 146, "delivery_mode": "own_delivery", "gross_amount": "3000.00", "payout_percentage": "90.00", "payout_amount": "2700.00", "status": "pending", "delivery_status": "pending", "delivery_status_note": "", "courier_number": "", "courier_slip": "", "delivery_status_updated_by": null, "delivery_status_updated_at": null, "paid_at": null, "created_at": "2026-03-11T08:48:37.576Z"}}, {"model": "sellers.sellerpayout", "pk": 106, "fields": {"seller": 7, "order_item": 147, "delivery_mode": "own_delivery", "gross_amount": "3000.00", "payout_percentage": "90.00", "payout_amount": "2700.00", "status": "pending", "delivery_status": "pending", "delivery_status_note": "", "courier_number": "", "courier_slip": "", "delivery_status_updated_by": null, "delivery_status_updated_at": null, "paid_at": null, "created_at": "2026-03-11T09:00:03.263Z"}}, {"model": "sellers.sellerpayout", "pk": 107, "fields": {"seller": 7, "order_item": 148, "delivery_mode": "own_delivery", "gross_amount": "3000.00", "payout_percentage": "90.00", "payout_amount": "2700.00", "status": "pending", "delivery_status": "pending", "delivery_status_note": "", "courier_number": "", "courier_slip": "", "delivery_status_updated_by": null, "delivery_status_updated_at": null, "paid_at": null, "created_at": "2026-03-11T09:11:22.373Z"}}, {"model": "sellers.sellerpayout", "pk": 108, "fields": {"seller": 7, "order_item": 149, "delivery_mode": "own_delivery", "gross_amount": "3999.00", "payout_percentage": "90.00", "payout_amount": "3599.10", "status": "pending", "delivery_status": "pending", "delivery_status_note": "", "courier_number": "", "courier_slip": "", "delivery_status_updated_by": null, "delivery_status_updated_at": null, "paid_at": null, "created_at": "2026-03-11T09:14:08.002Z"}}, {"model": "sellers.sellerpayout", "pk": 109, "fields": {"seller": 7, "order_item": 150, "delivery_mode": "own_delivery", "gross_amount": "3999.00", "payout_percentage": "90.00", "payout_amount": "3599.10", "status": "pending", "delivery_status": "pending", "delivery_status_note": "", "courier_number": "", "courier_slip": "", "delivery_status_updated_by": null, "delivery_status_updated_at": null, "paid_at": null, "created_at": "2026-03-11T09:19:21.693Z"}}, {"model": "sellers.hubproductdelivery", "pk": 1, "fields": {"seller": 12, "order_item": 88, "seller_payout": 47, "hub_name": "", "hub_address": "", "status": "pending", "status_note": "", "updated_by": null, "updated_at": null, "created_at": "2026-03-09T05:27:09.487Z"}}, {"model": "sellers.hubproductdelivery", "pk": 2, "fields": {"seller": 10, "order_item": 85, "seller_payout": 44, "hub_name": "", "hub_address": "", "status": "pending", "status_note": "", "updated_by": null, "updated_at": null, "created_at": "2026-03-09T05:27:09.487Z"}}, {"model": "sellers.hubproductdelivery", "pk": 3, "fields": {"seller": 10, "order_item": 84, "seller_payout": 43, "hub_name": "", "hub_address": "", "status": "pending", "status_note": "", "updated_by": null, "updated_at": null, "created_at": "2026-03-09T05:27:09.487Z"}}, {"model": "sellers.hubproductdelivery", "pk": 4, "fields": {"seller": 9, "order_item": 83, "seller_payout": 42, "hub_name": "", "hub_address": "", "status": "delivered", "status_note": "", "updated_by": 16, "updated_at": "2026-03-07T08:02:55.677Z", "created_at": "2026-03-09T05:27:09.491Z"}}, {"model": "sellers.hubproductdelivery", "pk": 5, "fields": {"seller": 12, "order_item": 82, "seller_payout": 41, "hub_name": "", "hub_address": "", "status": "pending", "status_note": "", "updated_by": null, "updated_at": null, "created_at": "2026-03-09T05:27:09.491Z"}}, {"model": "sellers.hubproductdelivery", "pk": 6, "fields": {"seller": 12, "order_item": 79, "seller_payout": 38, "hub_name": "", "hub_address": "", "status": "pending", "status_note": "", "updated_by": null, "updated_at": null, "created_at": "2026-03-09T05:27:09.491Z"}}, {"model": "sellers.hubproductdelivery", "pk": 7, "fields": {"seller": 12, "order_item": 78, "seller_payout": 37, "hub_name": "", "hub_address": "", "status": "pending", "status_note": "", "updated_by": null, "updated_at": null, "created_at": "2026-03-09T05:27:09.491Z"}}, {"model": "sellers.hubproductdelivery", "pk": 8, "fields": {"seller": 12, "order_item": 76, "seller_payout": 35, "hub_name": "", "hub_address": "", "status": "pending", "status_note": "", "updated_by": null, "updated_at": null, "created_at": "2026-03-09T05:27:09.500Z"}}, {"model": "sellers.hubproductdelivery", "pk": 9, "fields": {"seller": 12, "order_item": 72, "seller_payout": 31, "hub_name": "", "hub_address": "", "status": "delivered", "status_note": "", "updated_by": null, "updated_at": "2026-03-05T06:52:57.128Z", "created_at": "2026-03-09T05:27:09.500Z"}}, {"model": "sellers.hubproductdelivery", "pk": 10, "fields": {"seller": 11, "order_item": 71, "seller_payout": 30, "hub_name": "", "hub_address": "", "status": "pending", "status_note": "", "updated_by": 8, "updated_at": "2026-03-10T02:43:45.234Z", "created_at": "2026-03-09T05:27:09.500Z"}}, {"model": "sellers.hubproductdelivery", "pk": 11, "fields": {"seller": 10, "order_item": 70, "seller_payout": 29, "hub_name": "", "hub_address": "", "status": "pending", "status_note": "", "updated_by": 8, "updated_at": "2026-03-10T02:43:45.230Z", "created_at": "2026-03-09T05:27:09.500Z"}}, {"model": "sellers.hubproductdelivery", "pk": 12, "fields": {"seller": 12, "order_item": 68, "seller_payout": 27, "hub_name": "", "hub_address": "", "status": "delivered", "status_note": "", "updated_by": 8, "updated_at": "2026-03-05T07:14:56.789Z", "created_at": "2026-03-09T05:27:09.500Z"}}, {"model": "sellers.hubproductdelivery", "pk": 13, "fields": {"seller": 7, "order_item": 67, "seller_payout": 26, "hub_name": "", "hub_address": "", "status": "delivered", "status_note": "", "updated_by": null, "updated_at": "2026-03-05T06:52:57.144Z", "created_at": "2026-03-09T05:27:09.508Z"}}, {"model": "sellers.hubproductdelivery", "pk": 14, "fields": {"seller": 12, "order_item": 65, "seller_payout": 24, "hub_name": "", "hub_address": "", "status": "pending", "status_note": "", "updated_by": null, "updated_at": null, "created_at": "2026-03-09T05:27:09.508Z"}}, {"model": "sellers.hubproductdelivery", "pk": 15, "fields": {"seller": 12, "order_item": 63, "seller_payout": 22, "hub_name": "", "hub_address": "", "status": "pending", "status_note": "", "updated_by": 8, "updated_at": "2026-03-06T05:13:54.410Z", "created_at": "2026-03-09T05:27:09.508Z"}}, {"model": "sellers.hubproductdelivery", "pk": 16, "fields": {"seller": 11, "order_item": 61, "seller_payout": 20, "hub_name": "", "hub_address": "", "status": "delivered", "status_note": "", "updated_by": 8, "updated_at": "2026-03-05T07:36:06.912Z", "created_at": "2026-03-09T05:27:09.508Z"}}, {"model": "sellers.hubproductdelivery", "pk": 17, "fields": {"seller": 11, "order_item": 60, "seller_payout": 19, "hub_name": "", "hub_address": "", "status": "pending", "status_note": "", "updated_by": null, "updated_at": null, "created_at": "2026-03-09T05:27:09.508Z"}}, {"model": "sellers.hubproductdelivery", "pk": 18, "fields": {"seller": 9, "order_item": 59, "seller_payout": 18, "hub_name": "", "hub_address": "", "status": "pending", "status_note": "", "updated_by": 8, "updated_at": "2026-03-10T02:43:45.222Z", "created_at": "2026-03-09T05:27:09.511Z"}}, {"model": "sellers.hubproductdelivery", "pk": 19, "fields": {"seller": 10, "order_item": 57, "seller_payout": 16, "hub_name": "", "hub_address": "", "status": "pending", "status_note": "", "updated_by": null, "updated_at": null, "created_at": "2026-03-09T05:27:09.511Z"}}, {"model": "sellers.hubproductdelivery", "pk": 20, "fields": {"seller": 8, "order_item": 91, "seller_payout": 50, "hub_name": "hub", "hub_address": "www", "status": "pending", "status_note": "", "updated_by": null, "updated_at": null, "created_at": "2026-03-09T06:15:59.242Z"}}, {"model": "sellers.hubproductdelivery", "pk": 21, "fields": {"seller": 7, "order_item": 93, "seller_payout": 52, "hub_name": "chennai", "hub_address": "ttt", "status": "pending", "status_note": "", "updated_by": null, "updated_at": null, "created_at": "2026-03-09T10:53:07.419Z"}}, {"model": "sellers.hubproductdelivery", "pk": 22, "fields": {"seller": 12, "order_item": 94, "seller_payout": 53, "hub_name": "Platform Hub", "hub_address": "", "status": "pending", "status_note": "", "updated_by": null, "updated_at": null, "created_at": "2026-03-09T10:57:04.820Z"}}, {"model": "sellers.hubproductdelivery", "pk": 23, "fields": {"seller": 12, "order_item": 95, "seller_payout": 54, "hub_name": "My karate hub", "hub_address": "vellore", "status": "delivered", "status_note": "", "updated_by": 8, "updated_at": "2026-03-10T02:43:45.214Z", "created_at": "2026-03-10T02:30:19.961Z"}}, {"model": "sellers.hubproductdelivery", "pk": 24, "fields": {"seller": 12, "order_item": 96, "seller_payout": 55, "hub_name": "Platform Hub", "hub_address": "", "status": "out_for_delivery", "status_note": "", "updated_by": 8, "updated_at": "2026-03-10T02:43:45.206Z", "created_at": "2026-03-10T02:30:19.994Z"}}, {"model": "sellers.hubproductdelivery", "pk": 25, "fields": {"seller": 8, "order_item": 99, "seller_payout": 58, "hub_name": "hub", "hub_address": "www", "status": "delivered", "status_note": "", "updated_by": 8, "updated_at": "2026-03-10T02:43:45.190Z", "created_at": "2026-03-10T02:30:20.028Z"}}, {"model": "sellers.hubproductdelivery", "pk": 26, "fields": {"seller": 10, "order_item": 100, "seller_payout": 59, "hub_name": "chennai", "hub_address": "chennai", "status": "out_for_delivery", "status_note": "", "updated_by": 8, "updated_at": "2026-03-10T02:43:45.190Z", "created_at": "2026-03-10T02:30:20.060Z"}}, {"model": "sellers.hubproductdelivery", "pk": 27, "fields": {"seller": 11, "order_item": 103, "seller_payout": 62, "hub_name": "hub", "hub_address": "cbe", "status": "at_hub", "status_note": "", "updated_by": 8, "updated_at": "2026-03-10T02:43:45.173Z", "created_at": "2026-03-10T02:30:20.101Z"}}, {"model": "sellers.hubproductdelivery", "pk": 28, "fields": {"seller": 12, "order_item": 106, "seller_payout": 65, "hub_name": "Platform Hub", "hub_address": "", "status": "handed_to_hub", "status_note": "", "updated_by": 8, "updated_at": "2026-03-10T02:43:45.168Z", "created_at": "2026-03-10T02:30:20.143Z"}}, {"model": "sellers.hubproductdelivery", "pk": 29, "fields": {"seller": 9, "order_item": 107, "seller_payout": 66, "hub_name": "hub", "hub_address": "try", "status": "delivered", "status_note": "", "updated_by": 8, "updated_at": "2026-03-10T06:32:51.756Z", "created_at": "2026-03-10T06:29:16.117Z"}}, {"model": "sellers.hubproductdelivery", "pk": 30, "fields": {"seller": 2, "order_item": 108, "seller_payout": 67, "hub_name": "My karate hub", "hub_address": "Coimbatore", "status": "delivered", "status_note": "", "updated_by": 8, "updated_at": "2026-03-10T07:12:44.234Z", "created_at": "2026-03-10T07:11:13.911Z"}}, {"model": "sellers.hubproductdelivery", "pk": 31, "fields": {"seller": 12, "order_item": 109, "seller_payout": 68, "hub_name": "Platform Hub", "hub_address": "", "status": "delivered", "status_note": "", "updated_by": 8, "updated_at": "2026-03-10T07:12:09.981Z", "created_at": "2026-03-10T07:11:13.936Z"}}, {"model": "sellers.hubproductdelivery", "pk": 32, "fields": {"seller": 12, "order_item": 111, "seller_payout": 70, "hub_name": "My karate hub", "hub_address": "vellore", "status": "pending", "status_note": "", "updated_by": null, "updated_at": null, "created_at": "2026-03-10T10:55:30.495Z"}}, {"model": "sellers.hubproductdelivery", "pk": 33, "fields": {"seller": 12, "order_item": 112, "seller_payout": 71, "hub_name": "My karate hub", "hub_address": "vellore", "status": "pending", "status_note": "", "updated_by": null, "updated_at": null, "created_at": "2026-03-10T10:55:33.085Z"}}, {"model": "sellers.hubproductdelivery", "pk": 34, "fields": {"seller": 12, "order_item": 113, "seller_payout": 72, "hub_name": "My karate hub", "hub_address": "vellore", "status": "pending", "status_note": "", "updated_by": null, "updated_at": null, "created_at": "2026-03-10T10:55:38.103Z"}}, {"model": "sellers.hubproductdelivery", "pk": 35, "fields": {"seller": 12, "order_item": 114, "seller_payout": 73, "hub_name": "My karate hub", "hub_address": "vellore", "status": "pending", "status_note": "", "updated_by": null, "updated_at": null, "created_at": "2026-03-10T10:55:39.394Z"}}, {"model": "sellers.hubproductdelivery", "pk": 36, "fields": {"seller": 12, "order_item": 115, "seller_payout": 74, "hub_name": "My karate hub", "hub_address": "vellore", "status": "pending", "status_note": "", "updated_by": null, "updated_at": null, "created_at": "2026-03-10T10:55:40.235Z"}}, {"model": "sellers.hubproductdelivery", "pk": 37, "fields": {"seller": 12, "order_item": 116, "seller_payout": 75, "hub_name": "My karate hub", "hub_address": "vellore", "status": "pending", "status_note": "", "updated_by": null, "updated_at": null, "created_at": "2026-03-10T10:55:43.981Z"}}, {"model": "sellers.hubproductdelivery", "pk": 38, "fields": {"seller": 12, "order_item": 117, "seller_payout": 76, "hub_name": "My karate hub", "hub_address": "vellore", "status": "pending", "status_note": "", "updated_by": null, "updated_at": null, "created_at": "2026-03-10T10:55:44.472Z"}}, {"model": "sellers.hubproductdelivery", "pk": 39, "fields": {"seller": 12, "order_item": 118, "seller_payout": 77, "hub_name": "My karate hub", "hub_address": "vellore", "status": "pending", "status_note": "", "updated_by": null, "updated_at": null, "created_at": "2026-03-10T10:55:44.825Z"}}, {"model": "sellers.hubproductdelivery", "pk": 40, "fields": {"seller": 12, "order_item": 119, "seller_payout": 78, "hub_name": "My karate hub", "hub_address": "vellore", "status": "pending", "status_note": "", "updated_by": null, "updated_at": null, "created_at": "2026-03-10T10:59:00.112Z"}}, {"model": "sellers.hubproductdelivery", "pk": 41, "fields": {"seller": 12, "order_item": 120, "seller_payout": 79, "hub_name": "My karate hub", "hub_address": "vellore", "status": "pending", "status_note": "", "updated_by": null, "updated_at": null, "created_at": "2026-03-10T10:59:02.992Z"}}, {"model": "sellers.hubproductdelivery", "pk": 42, "fields": {"seller": 12, "order_item": 121, "seller_payout": 80, "hub_name": "My karate hub", "hub_address": "vellore", "status": "pending", "status_note": "", "updated_by": null, "updated_at": null, "created_at": "2026-03-10T10:59:04.634Z"}}, {"model": "sellers.hubproductdelivery", "pk": 43, "fields": {"seller": 12, "order_item": 122, "seller_payout": 81, "hub_name": "My karate hub", "hub_address": "vellore", "status": "pending", "status_note": "", "updated_by": null, "updated_at": null, "created_at": "2026-03-10T10:59:36.072Z"}}, {"model": "sellers.hubproductdelivery", "pk": 44, "fields": {"seller": 12, "order_item": 123, "seller_payout": 82, "hub_name": "My karate hub", "hub_address": "vellore", "status": "pending", "status_note": "", "updated_by": null, "updated_at": null, "created_at": "2026-03-10T10:59:37.810Z"}}, {"model": "sellers.hubproductdelivery", "pk": 45, "fields": {"seller": 12, "order_item": 124, "seller_payout": 83, "hub_name": "My karate hub", "hub_address": "vellore", "status": "pending", "status_note": "", "updated_by": null, "updated_at": null, "created_at": "2026-03-10T11:01:30.302Z"}}, {"model": "sellers.hubproductdelivery", "pk": 46, "fields": {"seller": 9, "order_item": 125, "seller_payout": 84, "hub_name": "abc hub", "hub_address": "Ganapathy", "status": "pending", "status_note": "", "updated_by": null, "updated_at": null, "created_at": "2026-03-10T11:13:21.928Z"}}, {"model": "sellers.hubproductdelivery", "pk": 47, "fields": {"seller": 12, "order_item": 126, "seller_payout": 85, "hub_name": "Platform Hub", "hub_address": "", "status": "pending", "status_note": "", "updated_by": null, "updated_at": null, "created_at": "2026-03-10T13:41:55.187Z"}}, {"model": "sellers.hubproductdelivery", "pk": 48, "fields": {"seller": 12, "order_item": 127, "seller_payout": 86, "hub_name": "Platform Hub", "hub_address": "", "status": "pending", "status_note": "", "updated_by": null, "updated_at": null, "created_at": "2026-03-10T13:43:25.857Z"}}, {"model": "sellers.hubproductdelivery", "pk": 49, "fields": {"seller": 12, "order_item": 128, "seller_payout": 87, "hub_name": "Platform Hub", "hub_address": "", "status": "pending", "status_note": "", "updated_by": null, "updated_at": null, "created_at": "2026-03-10T13:57:26.565Z"}}, {"model": "sellers.hubproductdelivery", "pk": 50, "fields": {"seller": 12, "order_item": 129, "seller_payout": 88, "hub_name": "Platform Hub", "hub_address": "", "status": "pending", "status_note": "", "updated_by": null, "updated_at": null, "created_at": "2026-03-10T13:59:11.673Z"}}, {"model": "sellers.hubproductdelivery", "pk": 51, "fields": {"seller": 12, "order_item": 130, "seller_payout": 89, "hub_name": "Platform Hub", "hub_address": "", "status": "pending", "status_note": "", "updated_by": null, "updated_at": null, "created_at": "2026-03-10T14:00:53.105Z"}}, {"model": "sellers.hubproductdelivery", "pk": 52, "fields": {"seller": 9, "order_item": 131, "seller_payout": 90, "hub_name": "hub", "hub_address": "try", "status": "pending", "status_note": "", "updated_by": null, "updated_at": null, "created_at": "2026-03-10T14:27:21.466Z"}}, {"model": "sellers.hubproductdelivery", "pk": 53, "fields": {"seller": 9, "order_item": 132, "seller_payout": 91, "hub_name": "hub", "hub_address": "try", "status": "pending", "status_note": "", "updated_by": null, "updated_at": null, "created_at": "2026-03-10T14:34:37.696Z"}}, {"model": "sellers.hubproductdelivery", "pk": 54, "fields": {"seller": 9, "order_item": 133, "seller_payout": 92, "hub_name": "hub", "hub_address": "try", "status": "pending", "status_note": "", "updated_by": null, "updated_at": null, "created_at": "2026-03-10T14:53:49.801Z"}}, {"model": "sellers.hubproductdelivery", "pk": 55, "fields": {"seller": 9, "order_item": 134, "seller_payout": 93, "hub_name": "hub", "hub_address": "try", "status": "pending", "status_note": "", "updated_by": null, "updated_at": null, "created_at": "2026-03-10T15:03:12.103Z"}}, {"model": "sellers.hubproductdelivery", "pk": 56, "fields": {"seller": 9, "order_item": 135, "seller_payout": 94, "hub_name": "hub", "hub_address": "try", "status": "pending", "status_note": "", "updated_by": null, "updated_at": null, "created_at": "2026-03-10T15:10:02.280Z"}}, {"model": "sellers.hubproductdelivery", "pk": 57, "fields": {"seller": 9, "order_item": 136, "seller_payout": 95, "hub_name": "hub", "hub_address": "try", "status": "pending", "status_note": "", "updated_by": null, "updated_at": null, "created_at": "2026-03-10T15:18:41.571Z"}}, {"model": "sellers.hubproductdelivery", "pk": 58, "fields": {"seller": 11, "order_item": 138, "seller_payout": 97, "hub_name": "hub", "hub_address": "cbe", "status": "out_for_delivery", "status_note": "", "updated_by": 8, "updated_at": "2026-03-11T05:31:15.048Z", "created_at": "2026-03-11T04:44:31.444Z"}}, {"model": "sellers.hubproductdelivery", "pk": 59, "fields": {"seller": 12, "order_item": 143, "seller_payout": 102, "hub_name": "My karate hub", "hub_address": "vellore", "status": "pending", "status_note": "", "updated_by": null, "updated_at": null, "created_at": "2026-03-11T06:48:47.236Z"}}, {"model": "sellers.hubproductdelivery", "pk": 60, "fields": {"seller": 12, "order_item": 144, "seller_payout": 103, "hub_name": "Platform Hub", "hub_address": "", "status": "pending", "status_note": "", "updated_by": null, "updated_at": null, "created_at": "2026-03-11T07:23:13.192Z"}}, {"model": "sellers.hubproductdelivery", "pk": 61, "fields": {"seller": 7, "order_item": 145, "seller_payout": 104, "hub_name": "chennai", "hub_address": "ttt", "status": "pending", "status_note": "", "updated_by": null, "updated_at": null, "created_at": "2026-03-11T07:30:21.294Z"}}, {"model": "sellers.sellernotification", "pk": 1, "fields": {"recipient": 8, "order_item": 38, "notification_type": "seller_order", "message": "New order received for Trolley bag. Quantity: 1. Order #29.", "is_read": false, "created_at": "2026-03-02T06:28:33.917Z"}}, {"model": "sellers.sellernotification", "pk": 4, "fields": {"recipient": 8, "order_item": 38, "notification_type": "admin_order", "message": "Order #29: Trolley bag assigned to seller Wow Boutique.", "is_read": false, "created_at": "2026-03-02T06:28:33.942Z"}}, {"model": "sellers.sellernotification", "pk": 8, "fields": {"recipient": 8, "order_item": 39, "notification_type": "admin_order", "message": "Order #30: Headphones assigned to seller xyz.", "is_read": false, "created_at": "2026-03-02T06:38:59.153Z"}}, {"model": "sellers.sellernotification", "pk": 12, "fields": {"recipient": 8, "order_item": 40, "notification_type": "admin_order", "message": "Order #31: Headphones assigned to seller xyz.", "is_read": false, "created_at": "2026-03-02T06:41:14.511Z"}}, {"model": "sellers.sellernotification", "pk": 16, "fields": {"recipient": 8, "order_item": 41, "notification_type": "admin_order", "message": "Order #32: mobile phone assigned to seller xyz.", "is_read": false, "created_at": "2026-03-02T06:54:29.605Z"}}, {"model": "sellers.sellernotification", "pk": 19, "fields": {"recipient": 8, "order_item": 41, "notification_type": "delivery_update", "message": "Seller xyz updated delivery status for order #32 (mobile phone) to Shipped.", "is_read": false, "created_at": "2026-03-02T06:56:35.647Z"}}, {"model": "sellers.sellernotification", "pk": 25, "fields": {"recipient": 8, "order_item": 45, "notification_type": "admin_order", "message": "Order #34: mobile phone assigned to seller xyz.", "is_read": false, "created_at": "2026-03-02T07:21:05.036Z"}}, {"model": "sellers.sellernotification", "pk": 29, "fields": {"recipient": 8, "order_item": 46, "notification_type": "admin_order", "message": "Order #35: Headphones assigned to seller xyz.", "is_read": false, "created_at": "2026-03-02T07:29:29.848Z"}}, {"model": "sellers.sellernotification", "pk": 33, "fields": {"recipient": 8, "order_item": 47, "notification_type": "admin_order", "message": "Order #35: mobile phone assigned to seller xyz.", "is_read": false, "created_at": "2026-03-02T07:29:29.907Z"}}, {"model": "sellers.sellernotification", "pk": 37, "fields": {"recipient": 8, "order_item": 49, "notification_type": "admin_order", "message": "Order #37: Crop top assigned to seller xyz.", "is_read": false, "created_at": "2026-03-02T09:38:32.776Z"}}, {"model": "sellers.sellernotification", "pk": 40, "fields": {"recipient": 8, "order_item": 49, "notification_type": "delivery_update", "message": "Seller xyz updated delivery status for order #37 (Crop top) to Shipped.", "is_read": false, "created_at": "2026-03-02T09:40:27.870Z"}}, {"model": "sellers.sellernotification", "pk": 44, "fields": {"recipient": 8, "order_item": 50, "notification_type": "admin_order", "message": "Order #38: Crop top assigned to seller xyz.", "is_read": false, "created_at": "2026-03-02T09:46:34.534Z"}}, {"model": "sellers.sellernotification", "pk": 48, "fields": {"recipient": 8, "order_item": 51, "notification_type": "admin_order", "message": "Order #39: mobile phone assigned to seller xyz.", "is_read": false, "created_at": "2026-03-02T10:38:32.147Z"}}, {"model": "sellers.sellernotification", "pk": 52, "fields": {"recipient": 8, "order_item": 52, "notification_type": "admin_order", "message": "Order #40: Crop top assigned to seller xyz.", "is_read": false, "created_at": "2026-03-03T05:54:01.926Z"}}, {"model": "sellers.sellernotification", "pk": 55, "fields": {"recipient": 8, "order_item": 52, "notification_type": "delivery_update", "message": "Seller xyz marked order #40 (Crop top) as Delivered with courier proof (No: 12345). Ready for payout release.", "is_read": false, "created_at": "2026-03-03T06:23:37.333Z"}}, {"model": "sellers.sellernotification", "pk": 58, "fields": {"recipient": 8, "order_item": 51, "notification_type": "delivery_update", "message": "Seller xyz marked order #39 (mobile phone) as Delivered with courier proof (No: 123). Ready for payout release.", "is_read": false, "created_at": "2026-03-03T06:24:05.289Z"}}, {"model": "sellers.sellernotification", "pk": 63, "fields": {"recipient": 8, "order_item": 53, "notification_type": "admin_order", "message": "Order #41: Headphones assigned to seller xyz.", "is_read": false, "created_at": "2026-03-03T07:21:54.990Z"}}, {"model": "sellers.sellernotification", "pk": 67, "fields": {"recipient": 8, "order_item": 54, "notification_type": "admin_order", "message": "Order #41: Laptop assigned to seller Platform Hub.", "is_read": false, "created_at": "2026-03-03T07:21:55.006Z"}}, {"model": "sellers.sellernotification", "pk": 72, "fields": {"recipient": 8, "order_item": 47, "notification_type": "delivery_update", "message": "Seller xyz updated delivery status for order #35 (mobile phone) to Shipped.", "is_read": false, "created_at": "2026-03-03T09:48:13.239Z"}}, {"model": "sellers.sellernotification", "pk": 73, "fields": {"recipient": 14, "order_item": 55, "notification_type": "seller_order", "message": "New own-delivery order for Handmade Jewelry. Qty: 1. Order #42. Customer: Sharvapriya, sharvapriyasivanesan23@gmail.com. Address: Sadiq Basha street.", "is_read": false, "created_at": "2026-03-04T10:55:27.526Z"}}, {"model": "sellers.sellernotification", "pk": 76, "fields": {"recipient": 8, "order_item": 55, "notification_type": "admin_order", "message": "Order #42: Handmade Jewelry assigned to seller Fashion & Apparel.", "is_read": false, "created_at": "2026-03-04T10:55:27.541Z"}}, {"model": "sellers.sellernotification", "pk": 78, "fields": {"recipient": 15, "order_item": 56, "notification_type": "seller_order", "message": "New own-delivery order for Macramé Wall Hanging. Qty: 1. Order #42. Customer: Sharvapriya, sharvapriyasivanesan23@gmail.com. Address: Sadiq Basha street.", "is_read": false, "created_at": "2026-03-04T10:55:27.552Z"}}, {"model": "sellers.sellernotification", "pk": 81, "fields": {"recipient": 8, "order_item": 56, "notification_type": "admin_order", "message": "Order #42: Macramé Wall Hanging assigned to seller Handmade Crafts.", "is_read": false, "created_at": "2026-03-04T10:55:27.561Z"}}, {"model": "sellers.sellernotification", "pk": 83, "fields": {"recipient": 17, "order_item": 57, "notification_type": "seller_order", "message": "New order received for T Shirt. Quantity: 1. Order #42.", "is_read": false, "created_at": "2026-03-04T10:55:27.574Z"}}, {"model": "sellers.sellernotification", "pk": 86, "fields": {"recipient": 8, "order_item": 57, "notification_type": "admin_order", "message": "Order #42: T Shirt assigned to seller TrendAura.", "is_read": false, "created_at": "2026-03-04T10:55:27.585Z"}}, {"model": "sellers.sellernotification", "pk": 88, "fields": {"recipient": 17, "order_item": 58, "notification_type": "seller_order", "message": "New own-delivery order for T Shirt. Qty: 1. Order #42. Customer: Sharvapriya, sharvapriyasivanesan23@gmail.com. Address: Sadiq Basha street.", "is_read": false, "created_at": "2026-03-04T10:55:27.595Z"}}, {"model": "sellers.sellernotification", "pk": 91, "fields": {"recipient": 8, "order_item": 58, "notification_type": "admin_order", "message": "Order #42: T Shirt assigned to seller TrendAura.", "is_read": false, "created_at": "2026-03-04T10:55:27.599Z"}}, {"model": "sellers.sellernotification", "pk": 93, "fields": {"recipient": 16, "order_item": 59, "notification_type": "seller_order", "message": "New order received for Blush. Quantity: 1. Order #42.", "is_read": false, "created_at": "2026-03-04T10:55:27.606Z"}}, {"model": "sellers.sellernotification", "pk": 96, "fields": {"recipient": 8, "order_item": 59, "notification_type": "admin_order", "message": "Order #42: Blush assigned to seller Beauty & Cosmetics.", "is_read": false, "created_at": "2026-03-04T10:55:27.611Z"}}, {"model": "sellers.sellernotification", "pk": 98, "fields": {"recipient": 18, "order_item": 60, "notification_type": "seller_order", "message": "New order received for Soap. Quantity: 2. Order #42.", "is_read": false, "created_at": "2026-03-04T10:55:27.618Z"}}, {"model": "sellers.sellernotification", "pk": 101, "fields": {"recipient": 8, "order_item": 60, "notification_type": "admin_order", "message": "Order #42: Soap assigned to seller Grocery.", "is_read": false, "created_at": "2026-03-04T10:55:27.621Z"}}, {"model": "sellers.sellernotification", "pk": 103, "fields": {"recipient": 18, "order_item": 61, "notification_type": "seller_order", "message": "New order received for Bread. Quantity: 3. Order #43.", "is_read": false, "created_at": "2026-03-04T11:17:59.136Z"}}, {"model": "sellers.sellernotification", "pk": 106, "fields": {"recipient": 8, "order_item": 61, "notification_type": "admin_order", "message": "Order #43: Bread assigned to seller Grocery.", "is_read": false, "created_at": "2026-03-04T11:17:59.136Z"}}, {"model": "sellers.sellernotification", "pk": 111, "fields": {"recipient": 8, "order_item": 62, "notification_type": "admin_order", "message": "Order #43: Headphones assigned to seller xyz.", "is_read": false, "created_at": "2026-03-04T11:17:59.152Z"}}, {"model": "sellers.sellernotification", "pk": 116, "fields": {"recipient": 8, "order_item": 63, "notification_type": "admin_order", "message": "Order #43: Racer jacket assigned to seller Platform Hub.", "is_read": false, "created_at": "2026-03-04T11:17:59.167Z"}}, {"model": "sellers.sellernotification", "pk": 118, "fields": {"recipient": 18, "order_item": 64, "notification_type": "seller_order", "message": "New own-delivery order for oil. Qty: 1. Order #44. Customer: Ramya, Ramya@gmail.com. Address: Trichy.", "is_read": false, "created_at": "2026-03-04T11:27:38.628Z"}}, {"model": "sellers.sellernotification", "pk": 121, "fields": {"recipient": 8, "order_item": 64, "notification_type": "admin_order", "message": "Order #44: oil assigned to seller Grocery.", "is_read": false, "created_at": "2026-03-04T11:27:38.633Z"}}, {"model": "sellers.sellernotification", "pk": 126, "fields": {"recipient": 8, "order_item": 65, "notification_type": "admin_order", "message": "Order #44: Refridgerator assigned to seller Platform Hub.", "is_read": false, "created_at": "2026-03-04T11:27:38.651Z"}}, {"model": "sellers.sellernotification", "pk": 131, "fields": {"recipient": 8, "order_item": 66, "notification_type": "admin_order", "message": "Order #44: Crop top assigned to seller xyz.", "is_read": false, "created_at": "2026-03-04T11:27:38.674Z"}}, {"model": "sellers.sellernotification", "pk": 133, "fields": {"recipient": 14, "order_item": 67, "notification_type": "seller_order", "message": "New order received for Handmade Jewelry. Quantity: 1. Order #44.", "is_read": false, "created_at": "2026-03-04T11:27:38.680Z"}}, {"model": "sellers.sellernotification", "pk": 136, "fields": {"recipient": 8, "order_item": 67, "notification_type": "admin_order", "message": "Order #44: Handmade Jewelry assigned to seller Fashion & Apparel.", "is_read": false, "created_at": "2026-03-04T11:27:38.684Z"}}, {"model": "sellers.sellernotification", "pk": 141, "fields": {"recipient": 8, "order_item": 68, "notification_type": "admin_order", "message": "Order #44: T shirt assigned to seller Platform Hub.", "is_read": false, "created_at": "2026-03-04T11:27:38.704Z"}}, {"model": "sellers.sellernotification", "pk": 143, "fields": {"recipient": 14, "order_item": 69, "notification_type": "seller_order", "message": "New own-delivery order for Handmade Jewelry. Qty: 1. Order #45. Customer: Anu, anu7070@gmail.com. Address: Hyderabad.", "is_read": false, "created_at": "2026-03-05T04:59:57.372Z"}}, {"model": "sellers.sellernotification", "pk": 146, "fields": {"recipient": 8, "order_item": 69, "notification_type": "admin_order", "message": "Order #45: Handmade Jewelry assigned to seller Fashion & Apparel.", "is_read": false, "created_at": "2026-03-05T04:59:57.388Z"}}, {"model": "sellers.sellernotification", "pk": 148, "fields": {"recipient": 17, "order_item": 70, "notification_type": "seller_order", "message": "New order received for T Shirt. Quantity: 1. Order #45.", "is_read": false, "created_at": "2026-03-05T04:59:57.401Z"}}, {"model": "sellers.sellernotification", "pk": 151, "fields": {"recipient": 8, "order_item": 70, "notification_type": "admin_order", "message": "Order #45: T Shirt assigned to seller TrendAura.", "is_read": false, "created_at": "2026-03-05T04:59:57.410Z"}}, {"model": "sellers.sellernotification", "pk": 153, "fields": {"recipient": 18, "order_item": 71, "notification_type": "seller_order", "message": "New order received for Rice. Quantity: 1. Order #45.", "is_read": false, "created_at": "2026-03-05T04:59:57.418Z"}}, {"model": "sellers.sellernotification", "pk": 156, "fields": {"recipient": 8, "order_item": 71, "notification_type": "admin_order", "message": "Order #45: Rice assigned to seller Grocery.", "is_read": false, "created_at": "2026-03-05T04:59:57.428Z"}}, {"model": "sellers.sellernotification", "pk": 161, "fields": {"recipient": 8, "order_item": 72, "notification_type": "admin_order", "message": "Order #46: Racer jacket assigned to seller Platform Hub.", "is_read": false, "created_at": "2026-03-05T05:24:07.489Z"}}, {"model": "sellers.sellernotification", "pk": 163, "fields": {"recipient": 14, "order_item": 73, "notification_type": "seller_order", "message": "New own-delivery order for Refridgerator. Qty: 1. Order #47. Customer: Surya, saara@123.com. Address: Madurai.", "is_read": false, "created_at": "2026-03-05T05:52:24.134Z"}}, {"model": "sellers.sellernotification", "pk": 166, "fields": {"recipient": 8, "order_item": 73, "notification_type": "admin_order", "message": "Order #47: Refridgerator assigned to seller Fashion & Apparel.", "is_read": false, "created_at": "2026-03-05T05:52:24.154Z"}}, {"model": "sellers.sellernotification", "pk": 168, "fields": {"recipient": 14, "order_item": 74, "notification_type": "seller_order", "message": "New own-delivery order for Refridgerator. Qty: 1. Order #48. Customer: Surya, saara@123.com. Address: dubai.", "is_read": false, "created_at": "2026-03-05T05:55:46.489Z"}}, {"model": "sellers.sellernotification", "pk": 171, "fields": {"recipient": 8, "order_item": 74, "notification_type": "admin_order", "message": "Order #48: Refridgerator assigned to seller Fashion & Apparel.", "is_read": false, "created_at": "2026-03-05T05:55:46.490Z"}}, {"model": "sellers.sellernotification", "pk": 173, "fields": {"recipient": 14, "order_item": 75, "notification_type": "seller_order", "message": "New own-delivery order for Refridgerator. Qty: 1. Order #49. Customer: surya, saara@123.com. Address: Coimbatore.", "is_read": false, "created_at": "2026-03-05T06:02:38.711Z"}}, {"model": "sellers.sellernotification", "pk": 176, "fields": {"recipient": 8, "order_item": 75, "notification_type": "admin_order", "message": "Order #49: Refridgerator assigned to seller Fashion & Apparel.", "is_read": false, "created_at": "2026-03-05T06:02:38.720Z"}}, {"model": "sellers.sellernotification", "pk": 179, "fields": {"recipient": 18, "order_item": 71, "notification_type": "delivery_update", "message": "Hub delivery status updated for order #45 (Rice) to Pending.", "is_read": false, "created_at": "2026-03-05T06:52:57.137Z"}}, {"model": "sellers.sellernotification", "pk": 180, "fields": {"recipient": 17, "order_item": 70, "notification_type": "delivery_update", "message": "Hub delivery status updated for order #45 (T Shirt) to Pending.", "is_read": false, "created_at": "2026-03-05T06:52:57.140Z"}}, {"model": "sellers.sellernotification", "pk": 182, "fields": {"recipient": 14, "order_item": 67, "notification_type": "delivery_update", "message": "Hub delivery status updated for order #44 (Handmade Jewelry) to Delivered.", "is_read": false, "created_at": "2026-03-05T06:52:57.148Z"}}, {"model": "sellers.sellernotification", "pk": 186, "fields": {"recipient": 8, "order_item": 76, "notification_type": "admin_order", "message": "Order #50: Refridegerator assigned to seller Platform Hub.", "is_read": false, "created_at": "2026-03-05T07:26:07.765Z"}}, {"model": "sellers.sellernotification", "pk": 188, "fields": {"recipient": 17, "order_item": 77, "notification_type": "seller_order", "message": "New own-delivery order for T Shirt. Qty: 1. Order #50. Customer: Sharvapriya Sivanesan, sharvapriya.s2021@kgkite.ac.in. Address: Madurai.", "is_read": false, "created_at": "2026-03-05T07:26:07.781Z"}}, {"model": "sellers.sellernotification", "pk": 191, "fields": {"recipient": 8, "order_item": 77, "notification_type": "admin_order", "message": "Order #50: T Shirt assigned to seller TrendAura.", "is_read": false, "created_at": "2026-03-05T07:26:07.782Z"}}, {"model": "sellers.sellernotification", "pk": 193, "fields": {"recipient": 18, "order_item": 61, "notification_type": "delivery_update", "message": "Hub delivery status updated for order #43 (Bread) to Delivered.", "is_read": false, "created_at": "2026-03-05T07:36:06.912Z"}}, {"model": "sellers.sellernotification", "pk": 199, "fields": {"recipient": 8, "order_item": 78, "notification_type": "admin_order", "message": "Order #51: Refridegerator assigned to seller Platform Hub.", "is_read": false, "created_at": "2026-03-05T09:57:31.924Z"}}, {"model": "sellers.sellernotification", "pk": 204, "fields": {"recipient": 8, "order_item": 79, "notification_type": "admin_order", "message": "Order #52: Refridegerator assigned to seller Platform Hub.", "is_read": false, "created_at": "2026-03-05T11:26:46.449Z"}}, {"model": "sellers.sellernotification", "pk": 206, "fields": {"recipient": 8, "order_item": 80, "notification_type": "seller_order", "message": "New own-delivery order for jewel. Qty: 1. Order #53. Customer: Anu, anu7070@gmail.com. Address: Hyderabad.", "is_read": false, "created_at": "2026-03-05T16:59:08.909Z"}}, {"model": "sellers.sellernotification", "pk": 209, "fields": {"recipient": 8, "order_item": 80, "notification_type": "admin_order", "message": "Order #53: jewel assigned to seller Wow Boutique.", "is_read": false, "created_at": "2026-03-05T16:59:08.916Z"}}, {"model": "sellers.sellernotification", "pk": 214, "fields": {"recipient": 8, "order_item": 81, "notification_type": "admin_order", "message": "Order #54: jewel assigned to seller Platform Hub.", "is_read": false, "created_at": "2026-03-06T05:12:06.086Z"}}, {"model": "sellers.sellernotification", "pk": 218, "fields": {"recipient": 8, "order_item": 63, "notification_type": "delivery_update", "message": "Seller Platform Hub updated delivery status for order #43 (Racer jacket) to Pending.", "is_read": false, "created_at": "2026-03-06T05:13:54.447Z"}}, {"model": "sellers.sellernotification", "pk": 220, "fields": {"recipient": 8, "order_item": 82, "notification_type": "seller_order", "message": "New order received for Refridegerator. Quantity: 1. Order #55.", "is_read": false, "created_at": "2026-03-06T11:05:22.574Z"}}, {"model": "sellers.sellernotification", "pk": 221, "fields": {"recipient": 8, "order_item": 82, "notification_type": "admin_order", "message": "Order #55: Refridegerator assigned to seller Platform Hub.", "is_read": false, "created_at": "2026-03-06T11:05:22.582Z"}}, {"model": "sellers.sellernotification", "pk": 222, "fields": {"recipient": 16, "order_item": 83, "notification_type": "seller_order", "message": "New order received for Blush. Quantity: 1. Order #55.", "is_read": false, "created_at": "2026-03-06T11:05:22.600Z"}}, {"model": "sellers.sellernotification", "pk": 223, "fields": {"recipient": 8, "order_item": 83, "notification_type": "admin_order", "message": "Order #55: Blush assigned to seller Beauty & Cosmetics.", "is_read": false, "created_at": "2026-03-06T11:05:22.607Z"}}, {"model": "sellers.sellernotification", "pk": 224, "fields": {"recipient": 17, "order_item": 84, "notification_type": "seller_order", "message": "New order received for T Shirt. Quantity: 1. Order #56.", "is_read": false, "created_at": "2026-03-06T13:02:38.723Z"}}, {"model": "sellers.sellernotification", "pk": 225, "fields": {"recipient": 8, "order_item": 84, "notification_type": "admin_order", "message": "Order #56: T Shirt assigned to seller TrendAura.", "is_read": false, "created_at": "2026-03-06T13:02:38.723Z"}}, {"model": "sellers.sellernotification", "pk": 226, "fields": {"recipient": 17, "order_item": 85, "notification_type": "seller_order", "message": "New order received for T Shirt. Quantity: 1. Order #57.", "is_read": false, "created_at": "2026-03-06T16:25:52.659Z"}}, {"model": "sellers.sellernotification", "pk": 227, "fields": {"recipient": 8, "order_item": 85, "notification_type": "admin_order", "message": "Order #57: T Shirt assigned to seller TrendAura.", "is_read": false, "created_at": "2026-03-06T16:25:52.674Z"}}, {"model": "sellers.sellernotification", "pk": 228, "fields": {"recipient": 14, "order_item": 86, "notification_type": "seller_order", "message": "New own-delivery order for Handmade Jewelry. Qty: 1. Order #57. Customer: preethi, anu7070@gmail.com. Address: Hyderabad.", "is_read": false, "created_at": "2026-03-06T16:25:52.675Z"}}, {"model": "sellers.sellernotification", "pk": 229, "fields": {"recipient": 8, "order_item": 86, "notification_type": "admin_order", "message": "Order #57: Handmade Jewelry assigned to seller Fashion & Apparel.", "is_read": false, "created_at": "2026-03-06T16:25:52.675Z"}}, {"model": "sellers.sellernotification", "pk": 230, "fields": {"recipient": 14, "order_item": 87, "notification_type": "seller_order", "message": "New own-delivery order for Handmade Jewelry. Qty: 1. Order #58. Customer: Sharvapriya Sivanesan, sharvapriya.s2021@kgkite.ac.in. Address: Vellore.", "is_read": false, "created_at": "2026-03-07T05:17:43.449Z"}}, {"model": "sellers.sellernotification", "pk": 231, "fields": {"recipient": 8, "order_item": 87, "notification_type": "admin_order", "message": "Order #58: Handmade Jewelry assigned to seller Fashion & Apparel.", "is_read": false, "created_at": "2026-03-07T05:17:43.458Z"}}, {"model": "sellers.sellernotification", "pk": 232, "fields": {"recipient": 8, "order_item": 88, "notification_type": "seller_order", "message": "New order received for Pen. Quantity: 1. Order #59.", "is_read": false, "created_at": "2026-03-07T05:18:20.589Z"}}, {"model": "sellers.sellernotification", "pk": 233, "fields": {"recipient": 8, "order_item": 88, "notification_type": "admin_order", "message": "Order #59: Pen assigned to seller Platform Hub.", "is_read": false, "created_at": "2026-03-07T05:18:20.605Z"}}, {"model": "sellers.sellernotification", "pk": 234, "fields": {"recipient": 15, "order_item": 89, "notification_type": "seller_order", "message": "New own-delivery order for Macramé Wall Hanging. Qty: 1. Order #60. Customer: Sharvapriya Sivanesan, sharvapriya.s2021@kgkite.ac.in. Address: 6666.", "is_read": false, "created_at": "2026-03-07T06:59:50.856Z"}}, {"model": "sellers.sellernotification", "pk": 235, "fields": {"recipient": 8, "order_item": 89, "notification_type": "admin_order", "message": "Order #60: Macramé Wall Hanging assigned to seller Handmade Crafts.", "is_read": false, "created_at": "2026-03-07T06:59:50.859Z"}}, {"model": "sellers.sellernotification", "pk": 236, "fields": {"recipient": 14, "order_item": 90, "notification_type": "seller_order", "message": "New own-delivery order for Handmade Jewelry. Qty: 1. Order #61. Customer: preethi, anu7070@gmail.com. Address: Hyderabad.", "is_read": false, "created_at": "2026-03-07T07:04:50.465Z"}}, {"model": "sellers.sellernotification", "pk": 237, "fields": {"recipient": 8, "order_item": 90, "notification_type": "admin_order", "message": "Order #61: Handmade Jewelry assigned to seller Fashion & Apparel.", "is_read": false, "created_at": "2026-03-07T07:04:50.467Z"}}, {"model": "sellers.sellernotification", "pk": 238, "fields": {"recipient": 8, "order_item": 83, "notification_type": "delivery_update", "message": "Seller Beauty & Cosmetics updated delivery status for order #55 (Blush) to Delivered.", "is_read": false, "created_at": "2026-03-07T07:50:04.837Z"}}, {"model": "sellers.sellernotification", "pk": 239, "fields": {"recipient": 8, "order_item": 59, "notification_type": "delivery_update", "message": "Seller Beauty & Cosmetics updated delivery status for order #42 (Blush) to Shipped.", "is_read": false, "created_at": "2026-03-07T07:57:17.009Z"}}, {"model": "sellers.sellernotification", "pk": 240, "fields": {"recipient": 15, "order_item": 91, "notification_type": "seller_order", "message": "New order received for decor. Quantity: 1. Order #62.", "is_read": false, "created_at": "2026-03-09T06:15:59.242Z"}}, {"model": "sellers.sellernotification", "pk": 241, "fields": {"recipient": 8, "order_item": 91, "notification_type": "admin_order", "message": "Order #62: decor assigned to seller Handmade Crafts.", "is_read": false, "created_at": "2026-03-09T06:15:59.254Z"}}, {"model": "sellers.sellernotification", "pk": 242, "fields": {"recipient": 16, "order_item": 92, "notification_type": "seller_order", "message": "New own-delivery order for Mascara. Qty: 1. Order #63. Customer: preethi, anu7070@gmail.com. Address: Hyderabad.", "is_read": false, "created_at": "2026-03-09T10:16:50.312Z"}}, {"model": "sellers.sellernotification", "pk": 243, "fields": {"recipient": 8, "order_item": 92, "notification_type": "admin_order", "message": "Order #63: Mascara assigned to seller Beauty & Cosmetics.", "is_read": false, "created_at": "2026-03-09T10:16:50.321Z"}}, {"model": "sellers.sellernotification", "pk": 244, "fields": {"recipient": 14, "order_item": 93, "notification_type": "seller_order", "message": "New order received for Handmade Jewelry. Quantity: 1. Order #64.", "is_read": false, "created_at": "2026-03-09T10:53:07.426Z"}}, {"model": "sellers.sellernotification", "pk": 245, "fields": {"recipient": 8, "order_item": 93, "notification_type": "admin_order", "message": "Order #64: Handmade Jewelry assigned to seller Fashion & Apparel.", "is_read": false, "created_at": "2026-03-09T10:53:07.430Z"}}, {"model": "sellers.sellernotification", "pk": 246, "fields": {"recipient": 8, "order_item": 94, "notification_type": "seller_order", "message": "New order received for T shirt. Quantity: 1. Order #65.", "is_read": false, "created_at": "2026-03-09T10:57:04.824Z"}}, {"model": "sellers.sellernotification", "pk": 247, "fields": {"recipient": 8, "order_item": 94, "notification_type": "admin_order", "message": "Order #65: T shirt assigned to seller Platform Hub.", "is_read": false, "created_at": "2026-03-09T10:57:04.836Z"}}, {"model": "sellers.sellernotification", "pk": 248, "fields": {"recipient": 8, "order_item": 95, "notification_type": "seller_order", "message": "New order received for Pen. Quantity: 1. Order #66.", "is_read": false, "created_at": "2026-03-10T02:30:19.977Z"}}, {"model": "sellers.sellernotification", "pk": 249, "fields": {"recipient": 8, "order_item": 95, "notification_type": "admin_order", "message": "Order #66: Pen assigned to seller Platform Hub.", "is_read": false, "created_at": "2026-03-10T02:30:19.981Z"}}, {"model": "sellers.sellernotification", "pk": 250, "fields": {"recipient": 8, "order_item": 96, "notification_type": "seller_order", "message": "New order received for jewel. Quantity: 1. Order #66.", "is_read": false, "created_at": "2026-03-10T02:30:19.995Z"}}, {"model": "sellers.sellernotification", "pk": 251, "fields": {"recipient": 8, "order_item": 96, "notification_type": "admin_order", "message": "Order #66: jewel assigned to seller Platform Hub.", "is_read": false, "created_at": "2026-03-10T02:30:19.995Z"}}, {"model": "sellers.sellernotification", "pk": 252, "fields": {"recipient": 14, "order_item": 97, "notification_type": "seller_order", "message": "New own-delivery order for Handmade Jewelry. Qty: 1. Order #66. Customer: Ananth, aaaa@gmail.com. Address: 111 Gandhi street , Sivangangai , Tamilnadu-35.", "is_read": false, "created_at": "2026-03-10T02:30:20.010Z"}}, {"model": "sellers.sellernotification", "pk": 253, "fields": {"recipient": 8, "order_item": 97, "notification_type": "admin_order", "message": "Order #66: Handmade Jewelry assigned to seller Fashion & Apparel.", "is_read": false, "created_at": "2026-03-10T02:30:20.010Z"}}, {"model": "sellers.sellernotification", "pk": 254, "fields": {"recipient": 14, "order_item": 98, "notification_type": "seller_order", "message": "New own-delivery order for Handmade Jewelry. Qty: 1. Order #66. Customer: Ananth, aaaa@gmail.com. Address: 111 Gandhi street , Sivangangai , Tamilnadu-35.", "is_read": false, "created_at": "2026-03-10T02:30:20.028Z"}}, {"model": "sellers.sellernotification", "pk": 255, "fields": {"recipient": 8, "order_item": 98, "notification_type": "admin_order", "message": "Order #66: Handmade Jewelry assigned to seller Fashion & Apparel.", "is_read": false, "created_at": "2026-03-10T02:30:20.028Z"}}, {"model": "sellers.sellernotification", "pk": 256, "fields": {"recipient": 15, "order_item": 99, "notification_type": "seller_order", "message": "New order received for decor. Quantity: 1. Order #66.", "is_read": false, "created_at": "2026-03-10T02:30:20.048Z"}}, {"model": "sellers.sellernotification", "pk": 257, "fields": {"recipient": 8, "order_item": 99, "notification_type": "admin_order", "message": "Order #66: decor assigned to seller Handmade Crafts.", "is_read": false, "created_at": "2026-03-10T02:30:20.052Z"}}, {"model": "sellers.sellernotification", "pk": 258, "fields": {"recipient": 17, "order_item": 100, "notification_type": "seller_order", "message": "New order received for T Shirt. Quantity: 1. Order #66.", "is_read": false, "created_at": "2026-03-10T02:30:20.060Z"}}, {"model": "sellers.sellernotification", "pk": 259, "fields": {"recipient": 8, "order_item": 100, "notification_type": "admin_order", "message": "Order #66: T Shirt assigned to seller TrendAura.", "is_read": false, "created_at": "2026-03-10T02:30:20.066Z"}}, {"model": "sellers.sellernotification", "pk": 260, "fields": {"recipient": 17, "order_item": 101, "notification_type": "seller_order", "message": "New own-delivery order for T Shirt. Qty: 1. Order #66. Customer: Ananth, aaaa@gmail.com. Address: 111 Gandhi street , Sivangangai , Tamilnadu-35.", "is_read": false, "created_at": "2026-03-10T02:30:20.075Z"}}, {"model": "sellers.sellernotification", "pk": 261, "fields": {"recipient": 8, "order_item": 101, "notification_type": "admin_order", "message": "Order #66: T Shirt assigned to seller TrendAura.", "is_read": false, "created_at": "2026-03-10T02:30:20.077Z"}}, {"model": "sellers.sellernotification", "pk": 262, "fields": {"recipient": 16, "order_item": 102, "notification_type": "seller_order", "message": "New own-delivery order for Mascara. Qty: 1. Order #66. Customer: Ananth, aaaa@gmail.com. Address: 111 Gandhi street , Sivangangai , Tamilnadu-35.", "is_read": false, "created_at": "2026-03-10T02:30:20.080Z"}}, {"model": "sellers.sellernotification", "pk": 263, "fields": {"recipient": 8, "order_item": 102, "notification_type": "admin_order", "message": "Order #66: Mascara assigned to seller Beauty & Cosmetics.", "is_read": false, "created_at": "2026-03-10T02:30:20.080Z"}}, {"model": "sellers.sellernotification", "pk": 264, "fields": {"recipient": 18, "order_item": 103, "notification_type": "seller_order", "message": "New order received for Rice. Quantity: 1. Order #66.", "is_read": false, "created_at": "2026-03-10T02:30:20.106Z"}}, {"model": "sellers.sellernotification", "pk": 265, "fields": {"recipient": 8, "order_item": 103, "notification_type": "admin_order", "message": "Order #66: Rice assigned to seller Grocery.", "is_read": false, "created_at": "2026-03-10T02:30:20.110Z"}}, {"model": "sellers.sellernotification", "pk": 266, "fields": {"recipient": 18, "order_item": 104, "notification_type": "seller_order", "message": "New own-delivery order for Sugar. Qty: 1. Order #66. Customer: Ananth, aaaa@gmail.com. Address: 111 Gandhi street , Sivangangai , Tamilnadu-35.", "is_read": false, "created_at": "2026-03-10T02:30:20.125Z"}}, {"model": "sellers.sellernotification", "pk": 267, "fields": {"recipient": 8, "order_item": 104, "notification_type": "admin_order", "message": "Order #66: Sugar assigned to seller Grocery.", "is_read": false, "created_at": "2026-03-10T02:30:20.128Z"}}, {"model": "sellers.sellernotification", "pk": 268, "fields": {"recipient": 10, "order_item": 105, "notification_type": "seller_order", "message": "New own-delivery order for Crop top. Qty: 1. Order #66. Customer: Ananth, aaaa@gmail.com. Address: 111 Gandhi street , Sivangangai , Tamilnadu-35.", "is_read": false, "created_at": "2026-03-10T02:30:20.133Z"}}, {"model": "sellers.sellernotification", "pk": 269, "fields": {"recipient": 8, "order_item": 105, "notification_type": "admin_order", "message": "Order #66: Crop top assigned to seller BisiByte.", "is_read": false, "created_at": "2026-03-10T02:30:20.141Z"}}, {"model": "sellers.sellernotification", "pk": 270, "fields": {"recipient": 8, "order_item": 106, "notification_type": "seller_order", "message": "New order received for Evening gown. Quantity: 1. Order #66.", "is_read": false, "created_at": "2026-03-10T02:30:20.143Z"}}, {"model": "sellers.sellernotification", "pk": 271, "fields": {"recipient": 8, "order_item": 106, "notification_type": "admin_order", "message": "Order #66: Evening gown assigned to seller Platform Hub.", "is_read": false, "created_at": "2026-03-10T02:30:20.157Z"}}, {"model": "sellers.sellernotification", "pk": 272, "fields": {"recipient": 8, "order_item": 106, "notification_type": "delivery_update", "message": "Hub delivery status updated for order #66 (Evening gown) to Handed over to hub.", "is_read": false, "created_at": "2026-03-10T02:43:45.173Z"}}, {"model": "sellers.sellernotification", "pk": 273, "fields": {"recipient": 18, "order_item": 103, "notification_type": "delivery_update", "message": "Hub delivery status updated for order #66 (Rice) to Received at hub.", "is_read": false, "created_at": "2026-03-10T02:43:45.190Z"}}, {"model": "sellers.sellernotification", "pk": 274, "fields": {"recipient": 17, "order_item": 100, "notification_type": "delivery_update", "message": "Hub delivery status updated for order #66 (T Shirt) to Out for delivery.", "is_read": false, "created_at": "2026-03-10T02:43:45.190Z"}}, {"model": "sellers.sellernotification", "pk": 275, "fields": {"recipient": 15, "order_item": 99, "notification_type": "delivery_update", "message": "Hub delivery status updated for order #66 (decor) to Delivered.", "is_read": false, "created_at": "2026-03-10T02:43:45.203Z"}}, {"model": "sellers.sellernotification", "pk": 276, "fields": {"recipient": 8, "order_item": 96, "notification_type": "delivery_update", "message": "Hub delivery status updated for order #66 (jewel) to Out for delivery.", "is_read": false, "created_at": "2026-03-10T02:43:45.212Z"}}, {"model": "sellers.sellernotification", "pk": 277, "fields": {"recipient": 8, "order_item": 95, "notification_type": "delivery_update", "message": "Hub delivery status updated for order #66 (Pen) to Delivered.", "is_read": false, "created_at": "2026-03-10T02:43:45.218Z"}}, {"model": "sellers.sellernotification", "pk": 278, "fields": {"recipient": 16, "order_item": 59, "notification_type": "delivery_update", "message": "Hub delivery status updated for order #42 (Blush) to Pending.", "is_read": false, "created_at": "2026-03-10T02:43:45.228Z"}}, {"model": "sellers.sellernotification", "pk": 279, "fields": {"recipient": 16, "order_item": 107, "notification_type": "seller_order", "message": "New order received for Foundation. Quantity: 1. Order #67.", "is_read": false, "created_at": "2026-03-10T06:29:16.130Z"}}, {"model": "sellers.sellernotification", "pk": 280, "fields": {"recipient": 8, "order_item": 107, "notification_type": "admin_order", "message": "Order #67: Foundation assigned to seller Beauty & Cosmetics.", "is_read": false, "created_at": "2026-03-10T06:29:16.132Z"}}, {"model": "sellers.sellernotification", "pk": 281, "fields": {"recipient": 16, "order_item": 107, "notification_type": "delivery_update", "message": "Hub delivery status updated for order #67 (Foundation) to Delivered.", "is_read": false, "created_at": "2026-03-10T06:32:51.771Z"}}, {"model": "sellers.sellernotification", "pk": 282, "fields": {"recipient": 10, "order_item": 108, "notification_type": "seller_order", "message": "New order received for Headphones. Quantity: 1. Order #68.", "is_read": false, "created_at": "2026-03-10T07:11:13.920Z"}}, {"model": "sellers.sellernotification", "pk": 283, "fields": {"recipient": 8, "order_item": 108, "notification_type": "admin_order", "message": "Order #68: Headphones assigned to seller BisiByte.", "is_read": false, "created_at": "2026-03-10T07:11:13.927Z"}}, {"model": "sellers.sellernotification", "pk": 284, "fields": {"recipient": 8, "order_item": 109, "notification_type": "seller_order", "message": "New order received for Laptop. Quantity: 1. Order #68.", "is_read": false, "created_at": "2026-03-10T07:11:13.936Z"}}, {"model": "sellers.sellernotification", "pk": 285, "fields": {"recipient": 8, "order_item": 109, "notification_type": "admin_order", "message": "Order #68: Laptop assigned to seller Platform Hub.", "is_read": false, "created_at": "2026-03-10T07:11:13.942Z"}}, {"model": "sellers.sellernotification", "pk": 286, "fields": {"recipient": 8, "order_item": 109, "notification_type": "delivery_update", "message": "Hub delivery status updated for order #68 (Laptop) to Delivered.", "is_read": false, "created_at": "2026-03-10T07:12:09.990Z"}}, {"model": "sellers.sellernotification", "pk": 287, "fields": {"recipient": 10, "order_item": 108, "notification_type": "delivery_update", "message": "Hub delivery status updated for order #68 (Headphones) to Delivered.", "is_read": false, "created_at": "2026-03-10T07:12:10.006Z"}}, {"model": "sellers.sellernotification", "pk": 288, "fields": {"recipient": 14, "order_item": 110, "notification_type": "seller_order", "message": "New own-delivery order for Refridgerator. Qty: 1. Order #69. Customer: hhh, rres@gmail.com. Address: Hyderabad.", "is_read": false, "created_at": "2026-03-10T07:17:04.003Z"}}, {"model": "sellers.sellernotification", "pk": 289, "fields": {"recipient": 8, "order_item": 110, "notification_type": "admin_order", "message": "Order #69: Refridgerator assigned to seller Fashion & Apparel.", "is_read": false, "created_at": "2026-03-10T07:17:04.007Z"}}, {"model": "sellers.sellernotification", "pk": 290, "fields": {"recipient": 8, "order_item": 111, "notification_type": "seller_order", "message": "New order received for Pen. Quantity: 1. Order #70.", "is_read": false, "created_at": "2026-03-10T10:55:30.495Z"}}, {"model": "sellers.sellernotification", "pk": 291, "fields": {"recipient": 8, "order_item": 111, "notification_type": "admin_order", "message": "Order #70: Pen assigned to seller Platform Hub.", "is_read": false, "created_at": "2026-03-10T10:55:30.506Z"}}, {"model": "sellers.sellernotification", "pk": 292, "fields": {"recipient": 8, "order_item": 112, "notification_type": "seller_order", "message": "New order received for Pen. Quantity: 1. Order #71.", "is_read": false, "created_at": "2026-03-10T10:55:33.092Z"}}, {"model": "sellers.sellernotification", "pk": 293, "fields": {"recipient": 8, "order_item": 112, "notification_type": "admin_order", "message": "Order #71: Pen assigned to seller Platform Hub.", "is_read": false, "created_at": "2026-03-10T10:55:33.092Z"}}, {"model": "sellers.sellernotification", "pk": 294, "fields": {"recipient": 8, "order_item": 113, "notification_type": "seller_order", "message": "New order received for Pen. Quantity: 1. Order #72.", "is_read": false, "created_at": "2026-03-10T10:55:38.109Z"}}, {"model": "sellers.sellernotification", "pk": 295, "fields": {"recipient": 8, "order_item": 113, "notification_type": "admin_order", "message": "Order #72: Pen assigned to seller Platform Hub.", "is_read": false, "created_at": "2026-03-10T10:55:38.109Z"}}, {"model": "sellers.sellernotification", "pk": 296, "fields": {"recipient": 8, "order_item": 114, "notification_type": "seller_order", "message": "New order received for Pen. Quantity: 1. Order #73.", "is_read": false, "created_at": "2026-03-10T10:55:39.394Z"}}, {"model": "sellers.sellernotification", "pk": 297, "fields": {"recipient": 8, "order_item": 114, "notification_type": "admin_order", "message": "Order #73: Pen assigned to seller Platform Hub.", "is_read": false, "created_at": "2026-03-10T10:55:39.405Z"}}, {"model": "sellers.sellernotification", "pk": 298, "fields": {"recipient": 8, "order_item": 115, "notification_type": "seller_order", "message": "New order received for Pen. Quantity: 1. Order #74.", "is_read": false, "created_at": "2026-03-10T10:55:40.238Z"}}, {"model": "sellers.sellernotification", "pk": 299, "fields": {"recipient": 8, "order_item": 115, "notification_type": "admin_order", "message": "Order #74: Pen assigned to seller Platform Hub.", "is_read": false, "created_at": "2026-03-10T10:55:40.238Z"}}, {"model": "sellers.sellernotification", "pk": 300, "fields": {"recipient": 8, "order_item": 116, "notification_type": "seller_order", "message": "New order received for Pen. Quantity: 1. Order #75.", "is_read": false, "created_at": "2026-03-10T10:55:43.987Z"}}, {"model": "sellers.sellernotification", "pk": 301, "fields": {"recipient": 8, "order_item": 116, "notification_type": "admin_order", "message": "Order #75: Pen assigned to seller Platform Hub.", "is_read": false, "created_at": "2026-03-10T10:55:43.992Z"}}, {"model": "sellers.sellernotification", "pk": 302, "fields": {"recipient": 8, "order_item": 117, "notification_type": "seller_order", "message": "New order received for Pen. Quantity: 1. Order #76.", "is_read": false, "created_at": "2026-03-10T10:55:44.480Z"}}, {"model": "sellers.sellernotification", "pk": 303, "fields": {"recipient": 8, "order_item": 117, "notification_type": "admin_order", "message": "Order #76: Pen assigned to seller Platform Hub.", "is_read": false, "created_at": "2026-03-10T10:55:44.480Z"}}, {"model": "sellers.sellernotification", "pk": 304, "fields": {"recipient": 8, "order_item": 118, "notification_type": "seller_order", "message": "New order received for Pen. Quantity: 1. Order #77.", "is_read": false, "created_at": "2026-03-10T10:55:44.832Z"}}, {"model": "sellers.sellernotification", "pk": 305, "fields": {"recipient": 8, "order_item": 118, "notification_type": "admin_order", "message": "Order #77: Pen assigned to seller Platform Hub.", "is_read": false, "created_at": "2026-03-10T10:55:44.832Z"}}, {"model": "sellers.sellernotification", "pk": 306, "fields": {"recipient": 8, "order_item": 119, "notification_type": "seller_order", "message": "New order received for Pen. Quantity: 1. Order #78.", "is_read": false, "created_at": "2026-03-10T10:59:00.116Z"}}, {"model": "sellers.sellernotification", "pk": 307, "fields": {"recipient": 8, "order_item": 119, "notification_type": "admin_order", "message": "Order #78: Pen assigned to seller Platform Hub.", "is_read": false, "created_at": "2026-03-10T10:59:00.122Z"}}, {"model": "sellers.sellernotification", "pk": 308, "fields": {"recipient": 8, "order_item": 120, "notification_type": "seller_order", "message": "New order received for Pen. Quantity: 1. Order #79.", "is_read": false, "created_at": "2026-03-10T10:59:03.003Z"}}, {"model": "sellers.sellernotification", "pk": 309, "fields": {"recipient": 8, "order_item": 120, "notification_type": "admin_order", "message": "Order #79: Pen assigned to seller Platform Hub.", "is_read": false, "created_at": "2026-03-10T10:59:03.003Z"}}, {"model": "sellers.sellernotification", "pk": 310, "fields": {"recipient": 8, "order_item": 121, "notification_type": "seller_order", "message": "New order received for Pen. Quantity: 1. Order #80.", "is_read": false, "created_at": "2026-03-10T10:59:04.634Z"}}, {"model": "sellers.sellernotification", "pk": 311, "fields": {"recipient": 8, "order_item": 121, "notification_type": "admin_order", "message": "Order #80: Pen assigned to seller Platform Hub.", "is_read": false, "created_at": "2026-03-10T10:59:04.642Z"}}, {"model": "sellers.sellernotification", "pk": 312, "fields": {"recipient": 8, "order_item": 122, "notification_type": "seller_order", "message": "New order received for Pen. Quantity: 1. Order #81.", "is_read": false, "created_at": "2026-03-10T10:59:36.078Z"}}, {"model": "sellers.sellernotification", "pk": 313, "fields": {"recipient": 8, "order_item": 122, "notification_type": "admin_order", "message": "Order #81: Pen assigned to seller Platform Hub.", "is_read": false, "created_at": "2026-03-10T10:59:36.084Z"}}, {"model": "sellers.sellernotification", "pk": 314, "fields": {"recipient": 8, "order_item": 123, "notification_type": "seller_order", "message": "New order received for Pen. Quantity: 1. Order #82.", "is_read": false, "created_at": "2026-03-10T10:59:37.819Z"}}, {"model": "sellers.sellernotification", "pk": 315, "fields": {"recipient": 8, "order_item": 123, "notification_type": "admin_order", "message": "Order #82: Pen assigned to seller Platform Hub.", "is_read": false, "created_at": "2026-03-10T10:59:37.826Z"}}, {"model": "sellers.sellernotification", "pk": 316, "fields": {"recipient": 8, "order_item": 124, "notification_type": "seller_order", "message": "New order received for Pen. Quantity: 1. Order #83.", "is_read": false, "created_at": "2026-03-10T11:01:30.310Z"}}, {"model": "sellers.sellernotification", "pk": 317, "fields": {"recipient": 8, "order_item": 124, "notification_type": "admin_order", "message": "Order #83: Pen assigned to seller Platform Hub.", "is_read": false, "created_at": "2026-03-10T11:01:30.319Z"}}, {"model": "sellers.sellernotification", "pk": 318, "fields": {"recipient": 16, "order_item": 125, "notification_type": "seller_order", "message": "New order received for Toffee. Quantity: 1. Order #84.", "is_read": false, "created_at": "2026-03-10T11:13:21.935Z"}}, {"model": "sellers.sellernotification", "pk": 319, "fields": {"recipient": 8, "order_item": 125, "notification_type": "admin_order", "message": "Order #84: Toffee assigned to seller Beauty & Cosmetics.", "is_read": false, "created_at": "2026-03-10T11:13:21.943Z"}}, {"model": "sellers.sellernotification", "pk": 320, "fields": {"recipient": 8, "order_item": 126, "notification_type": "seller_order", "message": "New order received for Refridgerator. Quantity: 1. Order #85.", "is_read": false, "created_at": "2026-03-10T13:41:55.194Z"}}, {"model": "sellers.sellernotification", "pk": 321, "fields": {"recipient": 8, "order_item": 126, "notification_type": "admin_order", "message": "Order #85: Refridgerator assigned to seller Platform Hub.", "is_read": false, "created_at": "2026-03-10T13:41:55.202Z"}}, {"model": "sellers.sellernotification", "pk": 322, "fields": {"recipient": 8, "order_item": 127, "notification_type": "seller_order", "message": "New order received for Refridgerator. Quantity: 1. Order #86.", "is_read": false, "created_at": "2026-03-10T13:43:25.857Z"}}, {"model": "sellers.sellernotification", "pk": 323, "fields": {"recipient": 8, "order_item": 127, "notification_type": "admin_order", "message": "Order #86: Refridgerator assigned to seller Platform Hub.", "is_read": false, "created_at": "2026-03-10T13:43:25.868Z"}}, {"model": "sellers.sellernotification", "pk": 324, "fields": {"recipient": 8, "order_item": 128, "notification_type": "seller_order", "message": "New order received for Refridgerator. Quantity: 1. Order #87.", "is_read": false, "created_at": "2026-03-10T13:57:26.575Z"}}, {"model": "sellers.sellernotification", "pk": 325, "fields": {"recipient": 8, "order_item": 128, "notification_type": "admin_order", "message": "Order #87: Refridgerator assigned to seller Platform Hub.", "is_read": false, "created_at": "2026-03-10T13:57:26.584Z"}}, {"model": "sellers.sellernotification", "pk": 326, "fields": {"recipient": 8, "order_item": 129, "notification_type": "seller_order", "message": "New order received for Refridgerator. Quantity: 1. Order #88.", "is_read": false, "created_at": "2026-03-10T13:59:11.684Z"}}, {"model": "sellers.sellernotification", "pk": 327, "fields": {"recipient": 8, "order_item": 129, "notification_type": "admin_order", "message": "Order #88: Refridgerator assigned to seller Platform Hub.", "is_read": false, "created_at": "2026-03-10T13:59:11.687Z"}}, {"model": "sellers.sellernotification", "pk": 328, "fields": {"recipient": 8, "order_item": 130, "notification_type": "seller_order", "message": "New order received for Laptop. Quantity: 1. Order #89.", "is_read": false, "created_at": "2026-03-10T14:00:53.115Z"}}, {"model": "sellers.sellernotification", "pk": 329, "fields": {"recipient": 8, "order_item": 130, "notification_type": "admin_order", "message": "Order #89: Laptop assigned to seller Platform Hub.", "is_read": false, "created_at": "2026-03-10T14:00:53.121Z"}}, {"model": "sellers.sellernotification", "pk": 330, "fields": {"recipient": 16, "order_item": 131, "notification_type": "seller_order", "message": "New order received for Blush. Quantity: 1. Order #90.", "is_read": false, "created_at": "2026-03-10T14:27:21.466Z"}}, {"model": "sellers.sellernotification", "pk": 331, "fields": {"recipient": 8, "order_item": 131, "notification_type": "admin_order", "message": "Order #90: Blush assigned to seller Beauty & Cosmetics.", "is_read": false, "created_at": "2026-03-10T14:27:21.466Z"}}, {"model": "sellers.sellernotification", "pk": 332, "fields": {"recipient": 16, "order_item": 132, "notification_type": "seller_order", "message": "New order received for Blush. Quantity: 1. Order #91.", "is_read": false, "created_at": "2026-03-10T14:34:37.696Z"}}, {"model": "sellers.sellernotification", "pk": 333, "fields": {"recipient": 8, "order_item": 132, "notification_type": "admin_order", "message": "Order #91: Blush assigned to seller Beauty & Cosmetics.", "is_read": false, "created_at": "2026-03-10T14:34:37.706Z"}}, {"model": "sellers.sellernotification", "pk": 334, "fields": {"recipient": 16, "order_item": 133, "notification_type": "seller_order", "message": "New order received for Blush. Quantity: 1. Order #92.", "is_read": false, "created_at": "2026-03-10T14:53:49.801Z"}}, {"model": "sellers.sellernotification", "pk": 335, "fields": {"recipient": 8, "order_item": 133, "notification_type": "admin_order", "message": "Order #92: Blush assigned to seller Beauty & Cosmetics.", "is_read": false, "created_at": "2026-03-10T14:53:49.812Z"}}, {"model": "sellers.sellernotification", "pk": 336, "fields": {"recipient": 16, "order_item": 134, "notification_type": "seller_order", "message": "New order received for Blush. Quantity: 1. Order #93.", "is_read": false, "created_at": "2026-03-10T15:03:12.115Z"}}, {"model": "sellers.sellernotification", "pk": 337, "fields": {"recipient": 8, "order_item": 134, "notification_type": "admin_order", "message": "Order #93: Blush assigned to seller Beauty & Cosmetics.", "is_read": false, "created_at": "2026-03-10T15:03:12.119Z"}}, {"model": "sellers.sellernotification", "pk": 338, "fields": {"recipient": 16, "order_item": 135, "notification_type": "seller_order", "message": "New order received for Blush. Quantity: 1. Order #94.", "is_read": false, "created_at": "2026-03-10T15:10:02.286Z"}}, {"model": "sellers.sellernotification", "pk": 339, "fields": {"recipient": 8, "order_item": 135, "notification_type": "admin_order", "message": "Order #94: Blush assigned to seller Beauty & Cosmetics.", "is_read": false, "created_at": "2026-03-10T15:10:02.291Z"}}, {"model": "sellers.sellernotification", "pk": 340, "fields": {"recipient": 16, "order_item": 136, "notification_type": "seller_order", "message": "New order received for Blush. Quantity: 1. Order #95.", "is_read": false, "created_at": "2026-03-10T15:18:41.581Z"}}, {"model": "sellers.sellernotification", "pk": 341, "fields": {"recipient": 8, "order_item": 136, "notification_type": "admin_order", "message": "Order #95: Blush assigned to seller Beauty & Cosmetics.", "is_read": false, "created_at": "2026-03-10T15:18:41.585Z"}}, {"model": "sellers.sellernotification", "pk": 342, "fields": {"recipient": 14, "order_item": 137, "notification_type": "seller_order", "message": "New own-delivery order for Refridgerator. Qty: 1. Order #96. Customer: Rose, rose@gmail.com. Address: thirunelveli, Tamilnadu.", "is_read": false, "created_at": "2026-03-10T15:50:31.634Z"}}, {"model": "sellers.sellernotification", "pk": 343, "fields": {"recipient": 8, "order_item": 137, "notification_type": "admin_order", "message": "Order #96: Refridgerator assigned to seller Fashion & Apparel.", "is_read": false, "created_at": "2026-03-10T15:50:31.647Z"}}, {"model": "sellers.sellernotification", "pk": 344, "fields": {"recipient": 18, "order_item": 138, "notification_type": "seller_order", "message": "New order received for shampoo. Quantity: 1. Order #97.", "is_read": false, "created_at": "2026-03-11T04:44:31.452Z"}}, {"model": "sellers.sellernotification", "pk": 345, "fields": {"recipient": 8, "order_item": 138, "notification_type": "admin_order", "message": "Order #97: shampoo assigned to seller Grocery.", "is_read": false, "created_at": "2026-03-11T04:44:31.455Z"}}, {"model": "sellers.sellernotification", "pk": 346, "fields": {"recipient": 14, "order_item": 139, "notification_type": "seller_order", "message": "New own-delivery order for Handmade Jewelry. Qty: 1. Order #98. Customer: Sharvapriya Sivanesan, sharvapriya.s2021@kgkite.ac.in. Address: fff.", "is_read": false, "created_at": "2026-03-11T05:14:17.971Z"}}, {"model": "sellers.sellernotification", "pk": 347, "fields": {"recipient": 8, "order_item": 139, "notification_type": "admin_order", "message": "Order #98: Handmade Jewelry assigned to seller Fashion & Apparel.", "is_read": false, "created_at": "2026-03-11T05:14:17.971Z"}}, {"model": "sellers.sellernotification", "pk": 348, "fields": {"recipient": 18, "order_item": 138, "notification_type": "delivery_update", "message": "Hub delivery status updated for order #97 (shampoo) to Out for delivery.", "is_read": false, "created_at": "2026-03-11T05:29:30.368Z"}}, {"model": "sellers.sellernotification", "pk": 349, "fields": {"recipient": 17, "order_item": 140, "notification_type": "seller_order", "message": "New own-delivery order for T Shirt. Qty: 1. Order #99. Customer: chitra, vvv@gmail.com. Address: vvv.", "is_read": false, "created_at": "2026-03-11T05:37:59.146Z"}}, {"model": "sellers.sellernotification", "pk": 350, "fields": {"recipient": 8, "order_item": 140, "notification_type": "admin_order", "message": "Order #99: T Shirt assigned to seller TrendAura.", "is_read": false, "created_at": "2026-03-11T05:37:59.146Z"}}, {"model": "sellers.sellernotification", "pk": 351, "fields": {"recipient": 17, "order_item": 141, "notification_type": "seller_order", "message": "New own-delivery order for T Shirt. Qty: 1. Order #100. Customer: Sharvapriya Sivanesan, sharvapriya.s2021@kgkite.ac.in. Address: nnnn.", "is_read": false, "created_at": "2026-03-11T05:42:17.039Z"}}, {"model": "sellers.sellernotification", "pk": 352, "fields": {"recipient": 8, "order_item": 141, "notification_type": "admin_order", "message": "Order #100: T Shirt assigned to seller TrendAura.", "is_read": false, "created_at": "2026-03-11T05:42:17.045Z"}}, {"model": "sellers.sellernotification", "pk": 353, "fields": {"recipient": 14, "order_item": 142, "notification_type": "seller_order", "message": "New own-delivery order for Handmade Jewelry. Qty: 1. Order #101. Customer: vvv, vvv@gmail.com. Address: vvv.", "is_read": false, "created_at": "2026-03-11T06:35:34.816Z"}}, {"model": "sellers.sellernotification", "pk": 354, "fields": {"recipient": 8, "order_item": 142, "notification_type": "admin_order", "message": "Order #101: Handmade Jewelry assigned to seller Fashion & Apparel.", "is_read": false, "created_at": "2026-03-11T06:35:34.826Z"}}, {"model": "sellers.sellernotification", "pk": 355, "fields": {"recipient": 8, "order_item": 143, "notification_type": "seller_order", "message": "New order received for Pen. Quantity: 1. Order #102.", "is_read": false, "created_at": "2026-03-11T06:48:47.243Z"}}, {"model": "sellers.sellernotification", "pk": 356, "fields": {"recipient": 8, "order_item": 143, "notification_type": "admin_order", "message": "Order #102: Pen assigned to seller Platform Hub.", "is_read": false, "created_at": "2026-03-11T06:48:47.248Z"}}, {"model": "sellers.sellernotification", "pk": 357, "fields": {"recipient": 8, "order_item": 144, "notification_type": "seller_order", "message": "New order received for Refridegerator. Quantity: 1. Order #103.", "is_read": false, "created_at": "2026-03-11T07:23:13.199Z"}}, {"model": "sellers.sellernotification", "pk": 358, "fields": {"recipient": 8, "order_item": 144, "notification_type": "admin_order", "message": "Order #103: Refridegerator assigned to seller Platform Hub.", "is_read": false, "created_at": "2026-03-11T07:23:13.202Z"}}, {"model": "sellers.sellernotification", "pk": 359, "fields": {"recipient": 14, "order_item": 145, "notification_type": "seller_order", "message": "New order received for Handmade Jewelry. Quantity: 1. Order #104.", "is_read": false, "created_at": "2026-03-11T07:30:21.302Z"}}, {"model": "sellers.sellernotification", "pk": 360, "fields": {"recipient": 8, "order_item": 145, "notification_type": "admin_order", "message": "Order #104: Handmade Jewelry assigned to seller Fashion & Apparel.", "is_read": false, "created_at": "2026-03-11T07:30:21.307Z"}}, {"model": "sellers.sellernotification", "pk": 361, "fields": {"recipient": 14, "order_item": 146, "notification_type": "seller_order", "message": "New own-delivery order for Handmade Jewelry. Qty: 1. Order #105. Customer: Vinu, aaaa@gmail.com. Address: Nilgiri , Tamilnadu.", "is_read": false, "created_at": "2026-03-11T08:48:37.580Z"}}, {"model": "sellers.sellernotification", "pk": 362, "fields": {"recipient": 8, "order_item": 146, "notification_type": "admin_order", "message": "Order #105: Handmade Jewelry assigned to seller Fashion & Apparel.", "is_read": false, "created_at": "2026-03-11T08:48:37.592Z"}}, {"model": "sellers.sellernotification", "pk": 363, "fields": {"recipient": 14, "order_item": 147, "notification_type": "seller_order", "message": "New own-delivery order for Handmade Jewelry. Qty: 1. Order #106. Customer: Vinu, aaaa@gmail.com. Address: Nilgiri , Tamilnadu.", "is_read": false, "created_at": "2026-03-11T09:00:03.273Z"}}, {"model": "sellers.sellernotification", "pk": 364, "fields": {"recipient": 8, "order_item": 147, "notification_type": "admin_order", "message": "Order #106: Handmade Jewelry assigned to seller Fashion & Apparel.", "is_read": false, "created_at": "2026-03-11T09:00:03.287Z"}}, {"model": "sellers.sellernotification", "pk": 365, "fields": {"recipient": 14, "order_item": 148, "notification_type": "seller_order", "message": "New own-delivery order for Handmade Jewelry. Qty: 1. Order #107. Customer: sree, aaaa@gmail.com. Address: Nilgiri , Tamilnadu.", "is_read": false, "created_at": "2026-03-11T09:11:22.383Z"}}, {"model": "sellers.sellernotification", "pk": 366, "fields": {"recipient": 8, "order_item": 148, "notification_type": "admin_order", "message": "Order #107: Handmade Jewelry assigned to seller Fashion & Apparel.", "is_read": false, "created_at": "2026-03-11T09:11:22.389Z"}}, {"model": "sellers.sellernotification", "pk": 367, "fields": {"recipient": 14, "order_item": 149, "notification_type": "seller_order", "message": "New own-delivery order for Handmade Jewelry. Qty: 1. Order #108. Customer: sree, aaaa@gmail.com. Address: Nilgiri , Tamilnadu.", "is_read": false, "created_at": "2026-03-11T09:14:08.010Z"}}, {"model": "sellers.sellernotification", "pk": 368, "fields": {"recipient": 8, "order_item": 149, "notification_type": "admin_order", "message": "Order #108: Handmade Jewelry assigned to seller Fashion & Apparel.", "is_read": false, "created_at": "2026-03-11T09:14:08.018Z"}}, {"model": "sellers.sellernotification", "pk": 369, "fields": {"recipient": 14, "order_item": 150, "notification_type": "seller_order", "message": "New own-delivery order for Handmade Jewelry. Qty: 1. Order #109. Customer: sree, aaaa@gmail.com. Address: Nilgiri , Tamilnadu.", "is_read": false, "created_at": "2026-03-11T09:19:21.703Z"}}, {"model": "sellers.sellernotification", "pk": 370, "fields": {"recipient": 8, "order_item": 150, "notification_type": "admin_order", "message": "Order #109: Handmade Jewelry assigned to seller Fashion & Apparel.", "is_read": false, "created_at": "2026-03-11T09:19:21.710Z"}}]